arc_id,timestamp,elevation_deg,sin_elevation,azimuth_deg,snr_db_hz,snr_linear,residual
DEMO-G01-1C-0001,2026-03-19 00:00:00,6.0,0.10452846326765347,150.0,41.845979679956855,97.6653270374436,-47.741964297707625
DEMO-G01-1C-0001,2026-03-19 00:00:30,6.338983050847458,0.1104105593687335,150.20338983050848,43.092586979272916,132.29497205771605,-15.382154159145355
DEMO-G01-1C-0001,2026-03-19 00:01:00,6.677966101694915,0.11628879073190988,150.40677966101694,46.92233485416527,155.93492988034615,6.059516578096552
DEMO-G01-1C-0001,2026-03-19 00:01:30,7.016949152542373,0.12216295159947535,150.61016949152543,44.76836088130935,160.756388464083,8.754171010907758
DEMO-G01-1C-0001,2026-03-19 00:02:00,7.3559322033898304,0.12803283635620352,150.8135593220339,41.452334033937426,175.37793334160978,21.320320059682818
DEMO-G01-1C-0001,2026-03-19 00:02:30,7.694915254237288,0.13389823953654623,151.01694915254237,43.392733636572125,167.28749690231456,11.245811774573358
DEMO-G01-1C-0001,2026-03-19 00:03:00,8.033898305084746,0.13975895583182532,151.22033898305085,46.68405596456937,156.47674598905763,-1.4777810429105465
DEMO-G01-1C-0001,2026-03-19 00:03:30,8.372881355932204,0.14561478009741938,151.42372881355934,45.174042941296655,165.69262152391352,5.896378812024071
DEMO-G01-1C-0001,2026-03-19 00:04:00,8.711864406779661,0.15146550735994427,151.6271186440678,41.51783195982335,182.85572991161615,21.28878437842494
DEMO-G01-1C-0001,2026-03-19 00:04:30,9.050847457627118,0.15731093282442793,151.83050847457628,44.311649829512604,174.2986108234797,11.031852342382226
DEMO-G01-1C-0001,2026-03-19 00:05:00,9.389830508474576,0.16315085188147904,152.03389830508473,47.369556960097746,164.34912418633812,-0.546689943829616
DEMO-G01-1C-0001,2026-03-19 00:05:30,9.728813559322035,0.16898506011444883,152.23728813559322,44.76542084459361,174.74832770811201,8.294073095348214
DEMO-G01-1C-0001,2026-03-19 00:06:00,10.067796610169491,0.17481335330658637,152.4406779661017,42.39037405918394,185.24436038694503,17.302128800754478
DEMO-G01-1C-0001,2026-03-19 00:06:30,10.406779661016948,0.180635527448187,152.64406779661016,44.664517308130556,172.1432888773954,2.783382678879466
DEMO-G01-1C-0001,2026-03-19 00:07:00,10.745762711864407,0.18645137874373327,152.84745762711864,46.719556006164275,161.34619121463385,-9.361257838441102
DEMO-G01-1C-0001,2026-03-19 00:07:30,11.084745762711865,0.19226070361902822,153.05084745762713,44.511216669555424,171.88964623338964,-0.0953939382741531
DEMO-G01-1C-0001,2026-03-19 00:08:00,11.423728813559322,0.19806329872832162,153.25423728813558,41.518537061681705,182.96243494543296,9.769565989004068
DEMO-G01-1C-0001,2026-03-19 00:08:30,11.762711864406779,0.2038589609614273,153.45762711864407,45.315074057366125,171.1289729108676,-3.202161239589824
DEMO-G01-1C-0001,2026-03-19 00:09:00,12.101694915254237,0.20964748745083306,153.66101694915255,47.099616484555334,161.99858674483815,-13.401457052236534
DEMO-G01-1C-0001,2026-03-19 00:09:30,12.440677966101696,0.21542867557880144,153.864406779661,43.950684446585754,177.37920209775922,0.9793868999043731
DEMO-G01-1C-0001,2026-03-19 00:10:00,12.779661016949152,0.22120232298446205,154.0677966101695,41.7588499258086,185.4536323700793,8.122957500728294
DEMO-G01-1C-0001,2026-03-19 00:10:30,13.118644067796609,0.22696822757089508,154.27118644067798,45.84544118275772,170.5071487961315,-7.685709702420379
DEMO-G01-1C-0001,2026-03-19 00:11:00,13.457627118644067,0.23272618751220514,154.47457627118644,47.03473168457466,164.2673417457928,-14.719269151277754
DEMO-G01-1C-0001,2026-03-19 00:11:30,13.796610169491526,0.23847600126058593,154.67796610169492,43.620971970804035,178.83029399034322,-0.8818919637301939
DEMO-G01-1C-0001,2026-03-19 00:12:00,14.135593220338983,0.24421746755337503,154.88135593220338,42.034459395724674,185.71457024160753,5.344723653652128
DEMO-G01-1C-0001,2026-03-19 00:12:30,14.47457627118644,0.2499503854200989,155.08474576271186,45.81227314715491,172.00727808089013,-8.952586615879166
DEMO-G01-1C-0001,2026-03-19 00:13:00,14.813559322033898,0.25567455418950746,155.28813559322035,47.25072750316581,168.3231683297011,-13.159352777715267
DEMO-G01-1C-0001,2026-03-19 00:13:30,15.152542372881356,0.2613897734965981,155.4915254237288,43.87543474062138,186.36256538209355,4.424459858488152
DEMO-G01-1C-0001,2026-03-19 00:14:00,15.491525423728813,0.2670958432896292,155.6949152542373,42.49669845294373,191.62993977856928,9.303023305980307
DEMO-G01-1C-0001,2026-03-19 00:14:30,15.83050847457627,0.2727925638371229,155.89830508474577,46.71276682360286,175.2417115296688,-7.407549721014643
DEMO-G01-1C-0001,2026-03-19 00:15:00,16.16949152542373,0.278479735734856,156.10169491525423,46.91127907619169,169.19546245198012,-13.70999341560201
DEMO-G01-1C-0001,2026-03-19 00:15:30,16.508474576271187,0.2841571599128398,156.3050847457627,43.43379530591116,182.89449692763677,-0.20132806183198326
DEMO-G01-1C-0001,2026-03-19 00:16:00,16.847457627118644,0.2898246376422883,156.5084745762712,42.007506185932044,187.84047346920408,4.619771588263834
DEMO-G01-1C-0001,2026-03-19 00:16:30,17.1864406779661,0.2954819705425746,156.71186440677965,46.098278505992084,174.1110630987869,-9.169365246960691
DEMO-G01-1C-0001,2026-03-19 00:17:00,17.525423728813557,0.3011289605881744,156.91525423728814,47.651861032048146,169.64339017684233,-13.631964489520126
DEMO-G01-1C-0001,2026-03-19 00:17:30,17.864406779661017,0.3067654101155981,157.11864406779662,43.69098891965581,181.73066559595478,-1.4751739464251692
DEMO-G01-1C-0001,2026-03-19 00:18:00,18.203389830508474,0.3123911218303092,157.32203389830508,42.01768250386953,188.96799964737943,5.895749619613955
DEMO-G01-1C-0001,2026-03-19 00:18:30,18.54237288135593,0.31800589881363045,157.52542372881356,45.410677495230075,173.3963094259381,-9.478652041016996
DEMO-G01-1C-0001,2026-03-19 00:19:00,18.88135593220339,0.32360954452963675,157.72881355932202,47.53092992919905,169.84265747303905,-12.771699956780477
DEMO-G01-1C-0001,2026-03-19 00:19:30,19.220338983050848,0.3292018628320345,157.9322033898305,44.26830437019194,181.5046473318263,-0.7861823136736312
DEMO-G01-1C-0001,2026-03-19 00:20:00,19.559322033898304,0.3347826579710273,158.135593220339,42.618359859304235,191.46831308662397,9.563535151497152
DEMO-G01-1C-0001,2026-03-19 00:20:30,19.89830508474576,0.340351734600168,158.33898305084745,45.31799889166787,176.7122728176925,-4.744337325738027
DEMO-G01-1C-0001,2026-03-19 00:21:00,20.237288135593218,0.3459088977831963,158.54237288135593,47.467660173379464,170.47982630038385,-10.466915768870418
DEMO-G01-1C-0001,2026-03-19 00:21:30,20.576271186440678,0.35145395300086235,158.74576271186442,44.3076273755532,182.00697701115814,1.6313796161790073
DEMO-G01-1C-0001,2026-03-19 00:22:00,20.915254237288135,0.3569867061577353,158.94915254237287,42.43114232812455,192.99843787865385,13.254830263781802
DEMO-G01-1C-0001,2026-03-19 00:22:30,21.25423728813559,0.36250696358899775,159.15254237288136,45.7029281128189,181.4312899627929,2.3800780004261277
DEMO-G01-1C-0001,2026-03-19 00:23:00,21.593220338983052,0.3680145320672241,159.35593220338984,47.5830759130046,174.812179506847,-3.4866778294414438
DEMO-G01-1C-0001,2026-03-19 00:23:30,21.93220338983051,0.3735092188091446,159.5593220338983,45.02888766684386,183.82771579186866,6.340717565835863
DEMO-G01-1C-0001,2026-03-19 00:24:00,22.271186440677965,0.3789908314823932,159.76271186440678,42.35255430746617,194.44452467056902,17.828428034858295
DEMO-G01-1C-0001,2026-03-19 00:24:30,22.610169491525422,0.3844591782122399,159.96610169491527,44.97793878406545,180.8756641183312,5.189042111061955
DEMO-G01-1C-0001,2026-03-19 00:25:00,22.94915254237288,0.3899140675883069,160.16949152542372,47.81522446801125,171.1909857759845,-3.5080653666155364
DEMO-G01-1C-0001,2026-03-19 00:25:30,23.28813559322034,0.3953553086712688,160.3728813559322,44.688930392602835,176.7565177832566,3.102649658609497
DEMO-G01-1C-0001,2026-03-19 00:26:00,23.627118644067796,0.4007827109995358,160.5762711864407,42.27866371355976,186.71281122227015,14.161246984745507
DEMO-G01-1C-0001,2026-03-19 00:26:30,23.966101694915253,0.4061960845959207,160.77966101694915,44.024402627119,177.2876466794109,5.895008793753764
DEMO-G01-1C-0001,2026-03-19 00:27:00,24.305084745762713,0.41159523997428915,160.98305084745763,47.12657287230148,172.6033707994814,2.425776287528297
DEMO-G01-1C-0001,2026-03-19 00:27:30,24.64406779661017,0.4169799881461912,161.1864406779661,45.96726596261406,175.32141553796743,6.414469022942772
DEMO-G01-1C-0001,2026-03-19 00:28:00,24.983050847457626,0.4223501406274776,161.38983050847457,43.41407195198206,190.70431292632944,23.123099760865106
DEMO-G01-1C-0001,2026-03-19 00:28:30,25.322033898305083,0.4277055094448968,161.59322033898306,43.1423133536638,185.6953288541137,19.494408332921243
DEMO-G01-1C-0001,2026-03-19 00:29:00,25.66101694915254,0.43304590714267505,161.79661016949152,47.45270660254019,145.94018824946085,-18.826413092424925
DEMO-G01-1C-0001,2026-03-19 00:29:30,26.0,0.4383711467890774,162.0,46.11190204242299,116.31005576985935,-46.968739232641795
DEMO-E02-5Q-0002,2026-03-19 00:40:00,26.0,0.4383711467890774,170.0,45.66401479815612,132.42882595854223,-37.604859402637594
DEMO-E02-5Q-0002,2026-03-19 00:40:30,25.66101694915254,0.43304590714267505,170.20338983050848,47.801311527462246,165.4507046296473,-5.393364987773788
DEMO-E02-5Q-0002,2026-03-19 00:41:00,25.322033898305083,0.4277055094448968,170.40677966101694,47.03131115510867,191.32990414684994,19.71122033165503
DEMO-E02-5Q-0002,2026-03-19 00:41:30,24.983050847457626,0.4223501406274776,170.61016949152543,44.35543563441694,182.8060070401632,10.448828883254725
DEMO-E02-5Q-0002,2026-03-19 00:42:00,24.64406779661017,0.4169799881461912,170.8135593220339,42.238416863100085,177.5804064906599,4.521199265045174
DEMO-E02-5Q-0002,2026-03-19 00:42:30,24.305084745762713,0.41159523997428915,171.01694915254237,43.48329574957692,179.77896270103136,6.054532659185275
DEMO-E02-5Q-0002,2026-03-19 00:43:00,23.966101694915253,0.4061960845959207,171.22033898305085,46.82393892225665,182.89323698380218,8.540726863951312
DEMO-E02-5Q-0002,2026-03-19 00:43:30,23.627118644067796,0.4007827109995358,171.42372881355934,47.446210319685285,183.72444196140333,8.78132643818015
DEMO-E02-5Q-0002,2026-03-19 00:44:00,23.28813559322034,0.3953553086712688,171.6271186440678,45.138238402721655,179.36308577109122,3.867166851172561
DEMO-E02-5Q-0002,2026-03-19 00:44:30,22.94915254237288,0.3899140675883069,171.83050847457628,42.51300938479748,171.1241380504766,-4.886459586171748
DEMO-E02-5Q-0002,2026-03-19 00:45:00,22.610169491525422,0.3844591782122399,172.03389830508473,42.11220039794279,170.20912884068656,-6.277704871955615
DEMO-E02-5Q-0002,2026-03-19 00:45:30,22.271186440677965,0.3789908314823932,172.23728813559322,45.017433451435416,180.29346557533802,3.3691516225634697
DEMO-E02-5Q-0002,2026-03-19 00:46:00,21.93220338983051,0.3735092188091446,172.4406779661017,47.27593599572658,185.73077197633336,8.408041996288807
DEMO-E02-5Q-0002,2026-03-19 00:46:30,21.593220338983052,0.3680145320672241,172.64406779661016,47.276090933770284,186.6056844501149,8.923906162712461
DEMO-E02-5Q-0002,2026-03-19 00:47:00,21.25423728813559,0.36250696358899775,172.84745762711864,44.12240116802687,181.3124504753095,3.3112901863938813
DEMO-E02-5Q-0002,2026-03-19 00:47:30,20.915254237288135,0.3569867061577353,173.05084745762713,42.40515110339853,175.04212804758808,-3.23845432267799
DEMO-E02-5Q-0002,2026-03-19 00:48:00,20.576271186440678,0.35145395300086235,173.25423728813558,43.62080218258916,177.0195452414007,-1.5002106971713778
DEMO-E02-5Q-0002,2026-03-19 00:48:30,20.237288135593218,0.3459088977831963,173.45762711864407,46.00959286894626,181.90294211691017,3.184544645382891
DEMO-E02-5Q-0002,2026-03-19 00:49:00,19.89830508474576,0.340351734600168,173.66101694915255,47.63996365266421,182.90480900410847,4.028580438259615
DEMO-E02-5Q-0002,2026-03-19 00:49:30,19.559322033898304,0.3347826579710273,173.864406779661,45.350734166634716,178.54599949728018,-0.44697648774919163
DEMO-E02-5Q-0002,2026-03-19 00:50:00,19.220338983050848,0.3292018628320345,174.0677966101695,42.72890703957523,171.42403711480213,-7.64433459158135
DEMO-E02-5Q-0002,2026-03-19 00:50:30,18.88135593220339,0.32360954452963675,174.27118644067798,42.273854545293595,170.17649655086333,-8.925656416520804
DEMO-E02-5Q-0002,2026-03-19 00:51:00,18.54237288135593,0.31800589881363045,174.47457627118644,44.3041246439895,175.07442241991964,-4.019639891360777
DEMO-E02-5Q-0002,2026-03-19 00:51:30,18.203389830508474,0.3123911218303092,174.67796610169492,47.412179788492296,178.7919222190815,-0.2519254129095093
DEMO-E02-5Q-0002,2026-03-19 00:52:00,17.864406779661017,0.3067654101155981,174.88135593220338,46.42969714900908,179.0906741872102,0.13941196894405106
DEMO-E02-5Q-0002,2026-03-19 00:52:30,17.525423728813557,0.3011289605881744,175.08474576271186,43.834647455073764,177.44731841417646,-1.3687463829357347
DEMO-E02-5Q-0002,2026-03-19 00:53:00,17.1864406779661,0.2954819705425746,175.28813559322035,42.37314732633886,174.19789584391975,-4.440123732552047
DEMO-E02-5Q-0002,2026-03-19 00:53:30,16.847457627118644,0.2898246376422883,175.4915254237288,43.858043384249115,177.66135210793547,-0.7555441792182142
DEMO-E02-5Q-0002,2026-03-19 00:54:00,16.508474576271187,0.2841571599128398,175.6949152542373,46.7892164051612,180.65681618744884,2.5043459634428356
DEMO-E02-5Q-0002,2026-03-19 00:54:30,16.16949152542373,0.278479735734856,175.89830508474577,47.11908019986106,180.44122589729773,2.596703610970911
DEMO-E02-5Q-0002,2026-03-19 00:55:00,15.83050847457627,0.2727925638371229,176.10169491525423,44.63336831817708,174.47236904343384,-3.020469974072279
DEMO-E02-5Q-0002,2026-03-19 00:55:30,15.491525423728813,0.2670958432896292,176.3050847457627,42.30160823960813,166.05417574301683,-11.043036900876382
DEMO-E02-5Q-0002,2026-03-19 00:56:00,15.152542372881356,0.2613897734965981,176.5084745762712,42.0126373329029,163.71738013726258,-12.940060975621174
DEMO-E02-5Q-0002,2026-03-19 00:56:30,14.813559322033898,0.25567455418950746,176.71186440677965,44.930648746137734,166.14414533679204,-10.029182793429266
DEMO-E02-5Q-0002,2026-03-19 00:57:00,14.47457627118644,0.2499503854200989,176.91525423728814,46.66001202431733,168.27115334153484,-7.373529854971986
DEMO-E02-5Q-0002,2026-03-19 00:57:30,14.135593220338983,0.24421746755337503,177.11864406779662,45.230579368323035,167.7011205711098,-7.370201071801938
DEMO-E02-5Q-0002,2026-03-19 00:58:00,13.796610169491526,0.23847600126058593,177.32203389830508,42.98289437096055,165.94915764120782,-8.503907024880897
DEMO-E02-5Q-0002,2026-03-19 00:58:30,13.457627118644067,0.23272618751220514,177.52542372881356,41.81402412000159,170.9380410396811,-2.8516983225937285
DEMO-E02-5Q-0002,2026-03-19 00:59:00,13.118644067796609,0.22696822757089508,177.72881355932202,44.488275158058265,175.0214944964072,1.9403157358245886
DEMO-E02-5Q-0002,2026-03-19 00:59:30,12.779661016949152,0.22120232298446205,177.9322033898305,47.61228769409187,177.5350301079409,5.207808252467691
DEMO-E02-5Q-0002,2026-03-19 01:00:00,12.440677966101696,0.21542867557880144,178.135593220339,46.15116674770022,176.77193589601708,5.244222257609499
DEMO-E02-5Q-0002,2026-03-19 01:00:30,12.101694915254237,0.20964748745083306,178.33898305084745,43.724630248584425,173.98918507001278,3.306679941342372
DEMO-E02-5Q-0002,2026-03-19 01:01:00,11.762711864406779,0.2038589609614273,178.54237288135593,41.54082880576827,166.64961496788612,-3.141838435476126
DEMO-E02-5Q-0002,2026-03-19 01:01:30,11.423728813559322,0.19806329872832162,178.74576271186442,43.735747899596646,168.60275502026465,-0.25166660629104787
DEMO-E02-5Q-0002,2026-03-19 01:02:00,11.084745762711865,0.19226070361902822,178.94915254237287,46.17235688895796,170.9852727312788,3.1139936536683077
DEMO-E02-5Q-0002,2026-03-19 01:02:30,10.745762711864407,0.18645137874373327,179.15254237288136,46.55922114591557,169.90785907678952,3.0659578981453475
DEMO-E02-5Q-0002,2026-03-19 01:03:00,10.406779661016948,0.180635527448187,179.35593220338984,44.373656481963465,168.50989328182015,2.7437237606669154
DEMO-E02-5Q-0002,2026-03-19 01:03:30,10.067796610169491,0.17481335330658637,179.5593220338983,41.13985960552767,168.52543824782717,3.881466356045655
DEMO-E02-5Q-0002,2026-03-19 01:04:00,9.728813559322035,0.16898506011444883,179.76271186440678,43.33158317970433,168.93652604681614,5.461323749585096
DEMO-E02-5Q-0002,2026-03-19 01:04:30,9.389830508474576,0.16315085188147904,179.96610169491527,46.175673338007776,167.16920484016364,4.9094438518511705
DEMO-E02-5Q-0002,2026-03-19 01:05:00,9.050847457627118,0.15731093282442793,180.16949152542372,46.642717738787105,169.69153633904597,8.693981855915245
DEMO-E02-5Q-0002,2026-03-19 01:05:30,8.711864406779661,0.15146550735994427,180.3728813559322,43.896917191506304,166.55235006002096,6.863854470618554
DEMO-E02-5Q-0002,2026-03-19 01:06:00,8.372881355932204,0.14561478009741938,180.5762711864407,42.051060911108614,163.96344781637168,5.630944390469841
DEMO-E02-5Q-0002,2026-03-19 01:06:30,8.033898305084746,0.13975895583182532,180.77966101694915,42.34903365953071,165.55392408534038,8.624420642308342
DEMO-E02-5Q-0002,2026-03-19 01:07:00,7.694915254237288,0.13389823953654623,180.98305084745763,45.60511212096391,172.96560979923535,17.48618235671768
DEMO-E02-5Q-0002,2026-03-19 01:07:30,7.3559322033898304,0.12803283635620352,181.1864406779661,46.95840676742397,173.11156117117815,19.12934757496146
DEMO-E02-5Q-0002,2026-03-19 01:08:00,7.016949152542373,0.12216295159947535,181.38983050847457,45.741603058616754,171.24261126308554,18.8048047990377
DEMO-E02-5Q-0002,2026-03-19 01:08:30,6.677966101694915,0.11628879073190988,181.59322033898306,42.10097131563492,168.7370450227671,17.890888011735715
DEMO-E02-5Q-0002,2026-03-19 01:09:00,6.338983050847458,0.1104105593687335,181.79661016949152,41.706501951100584,124.17651642137687,-25.03070620206287
DEMO-E02-5Q-0002,2026-03-19 01:09:30,6.0,0.10452846326765347,182.0,45.014761856666404,85.4409288029753,-62.0800383210809
DEMO-G03-1C-0003,2026-03-19 01:20:00,6.0,0.10452846326765347,190.0,43.45743798922557,112.61705972024879,-39.734563221951944
DEMO-G03-1C-0003,2026-03-19 01:20:30,6.338983050847458,0.1104105593687335,190.20338983050848,46.92991156942805,139.66430456091933,-14.249037346053523
DEMO-G03-1C-0003,2026-03-19 01:21:00,6.677966101694915,0.11628879073190988,190.40677966101694,45.67146093970405,167.64776568974528,12.219592164247178
DEMO-G03-1C-0003,2026-03-19 01:21:30,7.016949152542373,0.12216295159947535,190.61016949152543,42.621860735139904,180.48350602639857,23.58734841979798
DEMO-G03-1C-0003,2026-03-19 01:22:00,7.3559322033898304,0.12803283635620352,190.8135593220339,42.91742866881302,170.05503982679966,11.737699482907903
DEMO-G03-1C-0003,2026-03-19 01:22:30,7.694915254237288,0.13389823953654623,191.01694915254237,46.570482210456305,155.89201123634587,-3.7997630641456053
DEMO-G03-1C-0003,2026-03-19 01:23:00,8.033898305084746,0.13975895583182532,191.22033898305085,44.605430611773386,158.55168971644645,-2.4678286764171387
DEMO-G03-1C-0003,2026-03-19 01:23:30,8.372881355932204,0.14561478009741938,191.42372881355934,41.67757866381994,176.9701206583867,14.669482784618044
DEMO-G03-1C-0003,2026-03-19 01:24:00,8.711864406779661,0.15146550735994427,191.6271186440678,43.43655359132134,167.76317117443756,4.227966860100981
DEMO-G03-1C-0003,2026-03-19 01:24:30,9.050847457627118,0.15731093282442793,191.83050847457628,47.31011387848173,156.7462362783032,-7.977059306958704
DEMO-G03-1C-0003,2026-03-19 01:25:00,9.389830508474576,0.16315085188147904,192.03389830508473,44.45620880257154,164.7603130724236,-1.104682764701334
DEMO-G03-1C-0003,2026-03-19 01:25:30,9.728813559322035,0.16898506011444883,192.23728813559322,41.2023100567169,180.9872997926208,14.026904312779738
DEMO-G03-1C-0003,2026-03-19 01:26:00,10.067796610169491,0.17481335330658637,192.4406779661017,44.15674924559818,168.26216426092128,0.25257309967868813
DEMO-G03-1C-0003,2026-03-19 01:26:30,10.406779661016948,0.180635527448187,192.64406779661016,47.22206839718652,162.65807113303063,-6.354614611764628
DEMO-G03-1C-0003,2026-03-19 01:27:00,10.745762711864407,0.18645137874373327,192.84745762711864,44.52600523198015,181.50904054293585,11.539252256482275
DEMO-G03-1C-0003,2026-03-19 01:27:30,11.084745762711865,0.19226070361902822,193.05084745762713,42.86127528849505,195.32820632462253,24.447192313964212
DEMO-G03-1C-0003,2026-03-19 01:28:00,11.423728813559322,0.19806329872832162,193.25423728813558,46.407111768987555,178.9005241402042,7.1540398547243065
DEMO-G03-1C-0003,2026-03-19 01:28:30,11.762711864406779,0.2038589609614273,193.45762711864407,47.252336178844196,168.05575824991112,-4.5105683469999285
DEMO-G03-1C-0003,2026-03-19 01:29:00,12.101694915254237,0.20964748745083306,193.66101694915255,43.377673923755985,178.39100840386277,5.050333881549381
DEMO-G03-1C-0003,2026-03-19 01:29:30,12.440677966101696,0.21542867557880144,193.864406779661,41.150275644680086,179.58749353314928,5.517825830127965
DEMO-G03-1C-0003,2026-03-19 01:30:00,12.779661016949152,0.22120232298446205,194.0677966101695,45.606645970985774,163.0828912384633,-11.67056057764442
DEMO-G03-1C-0003,2026-03-19 01:30:30,13.118644067796609,0.22696822757089508,194.27118644067798,46.65212876122139,158.73126941341815,-16.660909131897153
DEMO-G03-1C-0003,2026-03-19 01:31:00,13.457627118644067,0.23272618751220514,194.47457627118644,43.40219758532669,174.51805441507634,-1.4679511360822455
DEMO-G03-1C-0003,2026-03-19 01:31:30,13.796610169491526,0.23847600126058593,194.67796610169492,41.99175048363424,183.54825527430452,7.013158834103951
DEMO-G03-1C-0003,2026-03-19 01:32:00,14.135593220338983,0.24421746755337503,194.88135593220338,45.71537010702748,170.52696094707983,-6.512659786428866
DEMO-G03-1C-0003,2026-03-19 01:32:30,14.47457627118644,0.2499503854200989,195.08474576271186,47.45245713743285,167.09557689954,-10.404176934755082
DEMO-G03-1C-0003,2026-03-19 01:33:00,14.813559322033898,0.25567455418950746,195.28813559322035,43.52047604201296,179.64444373689813,1.72876674215259
DEMO-G03-1C-0003,2026-03-19 01:33:30,15.152542372881356,0.2613897734965981,195.4915254237288,42.33158016408397,181.88415536848666,3.5965780864439867
DEMO-G03-1C-0003,2026-03-19 01:34:00,15.491525423728813,0.2670958432896292,195.6949152542373,45.5070271854352,163.577549843712,-15.038097699875703
DEMO-G03-1C-0003,2026-03-19 01:34:30,15.83050847457627,0.2727925638371229,195.89830508474577,46.20504575788994,160.15738920174994,-18.74269716967687
DEMO-G03-1C-0003,2026-03-19 01:35:00,16.16949152542373,0.278479735734856,196.10169491525423,43.1859225007134,178.08056296187013,-1.060535104016122
DEMO-G03-1C-0003,2026-03-19 01:35:30,16.508474576271187,0.2841571599128398,196.3050847457627,42.4689243688658,185.42626352454613,6.087370926123146
DEMO-G03-1C-0003,2026-03-19 01:36:00,16.847457627118644,0.2898246376422883,196.5084745762712,46.864516119842456,175.8964042215127,-3.5972813521822897
DEMO-G03-1C-0003,2026-03-19 01:36:30,17.1864406779661,0.2954819705425746,196.71186440677965,47.05313662458039,173.09661576306434,-6.50908242779364
DEMO-G03-1C-0003,2026-03-19 01:37:00,17.525423728813557,0.3011289605881744,196.91525423728814,43.89822759865221,184.3175982882314,4.642441084138131
DEMO-G03-1C-0003,2026-03-19 01:37:30,17.864406779661017,0.3067654101155981,197.11864406779662,42.29961871638405,183.25844441654039,3.5561495341668095
DEMO-G03-1C-0003,2026-03-19 01:38:00,18.203389830508474,0.3123911218303092,197.32203389830508,45.5283542333294,167.403972257768,-12.283376710703646
DEMO-G03-1C-0003,2026-03-19 01:38:30,18.54237288135593,0.31800589881363045,197.52542372881356,46.65327035822547,165.8422037858312,-13.788358851387738
DEMO-G03-1C-0003,2026-03-19 01:39:00,18.88135593220339,0.32360954452963675,197.72881355932202,43.28548080280095,177.75366121652905,-1.7785232364902408
DEMO-G03-1C-0003,2026-03-19 01:39:30,19.220338983050848,0.3292018628320345,197.9322033898305,43.45406044058613,187.97493746127526,8.582469134650598
DEMO-G03-1C-0003,2026-03-19 01:40:00,19.559322033898304,0.3347826579710273,198.135593220339,45.56904670529406,174.81625664758093,-4.395416823598037
DEMO-G03-1C-0003,2026-03-19 01:40:30,19.89830508474576,0.340351734600168,198.33898305084745,47.60737990427802,173.373707588299,-5.616356769237523
DEMO-G03-1C-0003,2026-03-19 01:41:00,20.237288135593218,0.3459088977831963,198.54237288135593,43.48224567411456,182.84601557150074,4.118104902639107
DEMO-G03-1C-0003,2026-03-19 01:41:30,20.576271186440678,0.35145395300086235,198.74576271186442,42.84533346342291,191.3452147447311,12.919727490215212
DEMO-G03-1C-0003,2026-03-19 01:42:00,20.915254237288135,0.3569867061577353,198.94915254237287,45.853795780437615,176.10014885813325,-1.9829252251069074
DEMO-G03-1C-0003,2026-03-19 01:42:30,21.25423728813559,0.36250696358899775,199.15254237288136,47.32338586922416,171.5900299356372,-6.110926260000536
DEMO-G03-1C-0003,2026-03-19 01:43:00,21.593220338983052,0.3680145320672241,199.35593220338984,44.28955782789572,181.36624864797025,4.086824992004143
DEMO-G03-1C-0003,2026-03-19 01:43:30,21.93220338983051,0.3735092188091446,199.5593220338983,42.06015484396384,188.57579364223085,11.757022138986958
DEMO-G03-1C-0003,2026-03-19 01:44:00,22.271186440677965,0.3789908314823932,199.76271186440678,45.46659433619509,175.05095884788054,-1.2683408537997531
DEMO-G03-1C-0003,2026-03-19 01:44:30,22.610169491525422,0.3844591782122399,199.96610169491527,47.31887369179742,166.82369486547972,-8.957618224954654
DEMO-G03-1C-0003,2026-03-19 01:45:00,22.94915254237288,0.3899140675883069,200.16949152542372,44.33598474024523,176.0794727476849,0.8743514149735636
DEMO-G03-1C-0003,2026-03-19 01:45:30,23.28813559322034,0.3953553086712688,200.3728813559322,41.778699338114095,190.20627110664114,15.615232242437873
DEMO-G03-1C-0003,2026-03-19 01:46:00,23.627118644067796,0.4007827109995358,200.5762711864407,44.76324815711067,182.27851762102688,8.339132780144855
DEMO-G03-1C-0003,2026-03-19 01:46:30,23.966101694915253,0.4061960845959207,200.77966101694915,48.24167586986124,175.92099430512275,2.6705112189714444
DEMO-G03-1C-0003,2026-03-19 01:47:00,24.305084745762713,0.41159523997428915,200.98305084745763,45.693341898109466,183.43088778751567,10.906225750149208
DEMO-G03-1C-0003,2026-03-19 01:47:30,24.64406779661017,0.4169799881461912,201.1864406779661,42.47392689143796,198.40807481878505,26.645820127056044
DEMO-G03-1C-0003,2026-03-19 01:48:00,24.983050847457626,0.4223501406274776,201.38983050847457,44.097316345680916,189.25379769213188,18.290199140567683
DEMO-G03-1C-0003,2026-03-19 01:48:30,25.322033898305083,0.4277055094448968,201.59322033898306,47.88666116996794,178.38704086295056,8.258005293961265
DEMO-G03-1C-0003,2026-03-19 01:49:00,25.66101694915254,0.43304590714267505,201.79661016949152,46.547361019624084,151.79655087471633,-17.46236121526449
DEMO-G03-1C-0003,2026-03-19 01:49:30,26.0,0.4383711467890774,202.0,42.81462275646525,119.74154853287232,-48.6120302649765
DEMO-E04-5Q-0004,2026-03-19 02:00:00,26.0,0.4383711467890774,210.0,46.383596492483356,100.7534168465188,-59.72710966922132
DEMO-E04-5Q-0004,2026-03-19 02:00:30,25.66101694915254,0.43304590714267505,210.20338983050848,44.15864144213546,131.41481333962292,-30.598827405734042
DEMO-E04-5Q-0004,2026-03-19 02:01:00,25.322033898305083,0.4277055094448968,210.40677966101694,42.530489298970565,172.6456126396298,9.152245459118532
DEMO-E04-5Q-0004,2026-03-19 02:01:30,24.983050847457626,0.4223501406274776,210.61016949152543,43.711238710549644,182.04182481440645,17.1226602084226
DEMO-E04-5Q-0004,2026-03-19 02:02:00,24.64406779661017,0.4169799881461912,210.8135593220339,46.283835168979714,189.49610284100692,23.205604420162572
DEMO-E04-5Q-0004,2026-03-19 02:02:30,24.305084745762713,0.41159523997428915,211.01694915254237,48.14837824484075,189.83942971370845,22.232588988681172
DEMO-E04-5Q-0004,2026-03-19 02:03:00,23.966101694915253,0.4061960845959207,211.22033898305085,45.96317035916078,186.22073191509344,17.353061510091592
DEMO-E04-5Q-0004,2026-03-19 02:03:30,23.627118644067796,0.4007827109995358,211.42372881355934,42.64120185820941,184.80797845818682,14.735505239663425
DEMO-E04-5Q-0004,2026-03-19 02:04:00,23.28813559322034,0.3953553086712688,211.6271186440678,42.62040067356385,178.0797107261086,6.8589688476536
DEMO-E04-5Q-0004,2026-03-19 02:04:30,22.94915254237288,0.3899140675883069,211.83050847457628,45.9809989321487,179.44425580595788,7.1322796703124
DEMO-E04-5Q-0004,2026-03-19 02:05:00,22.610169491525422,0.3844591782122399,212.03389830508473,46.9221728548567,184.6986167745391,11.352933913685561
DEMO-E04-5Q-0004,2026-03-19 02:05:30,22.271186440677965,0.3789908314823932,212.23728813559322,46.256436151458956,183.19774200450107,8.876365878796221
DEMO-E04-5Q-0004,2026-03-19 02:06:00,21.93220338983051,0.3735092188091446,212.4406779661017,44.18008026427667,174.12561915334453,-1.1129581293262873
DEMO-E04-5Q-0004,2026-03-19 02:06:30,21.593220338983052,0.3680145320672241,212.64406779661016,42.124438220946814,171.77278213606576,-4.324032907992105
DEMO-E04-5Q-0004,2026-03-19 02:07:00,21.25423728813559,0.36250696358899775,212.84745762711864,43.735150788466875,178.28675969887945,1.3911341388848513
DEMO-E04-5Q-0004,2026-03-19 02:07:30,20.915254237288135,0.3569867061577353,213.05084745762713,46.44897389529273,185.43854640613344,7.803993910726618
DEMO-E04-5Q-0004,2026-03-19 02:08:00,20.576271186440678,0.35145395300086235,213.25423728813558,47.534261662748165,187.2441852524045,8.931038146436336
DEMO-E04-5Q-0004,2026-03-19 02:08:30,20.237288135593218,0.3459088977831963,213.45762711864407,45.914351085396966,184.5463997400482,5.6154314270321635
DEMO-E04-5Q-0004,2026-03-19 02:09:00,19.89830508474576,0.340351734600168,213.66101694915255,42.71774088234769,175.35418092308498,-4.133401854336412
DEMO-E04-5Q-0004,2026-03-19 02:09:30,19.559322033898304,0.3347826579710273,213.864406779661,42.93748063621554,174.12086451271634,-5.861700459685565
DEMO-E04-5Q-0004,2026-03-19 02:10:00,19.220338983050848,0.3292018628320345,214.0677966101695,44.304810331465916,174.6600085338397,-5.755488721428165
DEMO-E04-5Q-0004,2026-03-19 02:10:30,18.88135593220339,0.32360954452963675,214.27118644067798,47.30631568920315,175.58285323257473,-5.203116705515484
DEMO-E04-5Q-0004,2026-03-19 02:11:00,18.54237288135593,0.31800589881363045,214.47457627118644,46.03206434756955,172.12443818232128,-8.969143174959257
DEMO-E04-5Q-0004,2026-03-19 02:11:30,18.203389830508474,0.3123911218303092,214.67796610169492,43.00601072524969,170.32514462752948,-11.01279331454323
DEMO-E04-5Q-0004,2026-03-19 02:12:00,17.864406779661017,0.3067654101155981,214.88135593220338,41.79447261506206,169.40033701993724,-12.118317261959206
DEMO-E04-5Q-0004,2026-03-19 02:12:30,17.525423728813557,0.3011289605881744,215.08474576271186,43.81522550416293,171.51898124118406,-10.11637195144813
DEMO-E04-5Q-0004,2026-03-19 02:13:00,17.1864406779661,0.2954819705425746,215.28813559322035,47.13137692703082,177.17110516271515,-4.516560619023792
DEMO-E04-5Q-0004,2026-03-19 02:13:30,16.847457627118644,0.2898246376422883,215.4915254237288,46.47977586064663,177.89261938151625,-3.7826121307276566
DEMO-E04-5Q-0004,2026-03-19 02:14:00,16.508474576271187,0.2841571599128398,215.6949152542373,44.589139542049764,174.5643517161893,-7.033346549396512
DEMO-E04-5Q-0004,2026-03-19 02:14:30,16.16949152542373,0.278479735734856,215.89830508474577,42.0456673726124,170.32652623718212,-11.128196166119707
DEMO-E04-5Q-0004,2026-03-19 02:15:00,15.83050847457627,0.2727925638371229,216.10169491525423,42.82975138124979,175.68450812960495,-5.561460697945037
DEMO-E04-5Q-0004,2026-03-19 02:15:30,15.491525423728813,0.2670958432896292,216.3050847457627,46.28134335473211,182.12226249580522,1.151151455348483
DEMO-E04-5Q-0004,2026-03-19 02:16:00,15.152542372881356,0.2613897734965981,216.5084745762712,47.518657075915435,183.83231598298852,3.202484780705973
DEMO-E04-5Q-0004,2026-03-19 02:16:30,14.813559322033898,0.25567455418950746,216.71186440677965,46.098463214795,181.37120714238637,1.1493869539907422
DEMO-E04-5Q-0004,2026-03-19 02:17:00,14.47457627118644,0.2499503854200989,216.91525423728814,42.61352169937009,174.82809264575306,-4.91868499929312
DEMO-E04-5Q-0004,2026-03-19 02:17:30,14.135593220338983,0.24421746755337503,217.11864406779662,42.02163512308988,173.2340022060661,-5.97040983786637
DEMO-E04-5Q-0004,2026-03-19 02:18:00,13.796610169491526,0.23847600126058593,217.32203389830508,44.77994444780964,174.0890707288754,-4.505370006675619
DEMO-E04-5Q-0004,2026-03-19 02:18:30,13.457627118644067,0.23272618751220514,217.52542372881356,47.22234374624109,174.61861686576947,-3.2979731355532778
DEMO-E04-5Q-0004,2026-03-19 02:19:00,13.118644067796609,0.22696822757089508,217.72881355932202,46.280559758600276,174.7000332660489,-2.470561838438286
DEMO-E04-5Q-0004,2026-03-19 02:19:30,12.779661016949152,0.22120232298446205,217.9322033898305,42.782095804120836,172.1218458444887,-4.234354495268931
DEMO-E04-5Q-0004,2026-03-19 02:20:00,12.440677966101696,0.21542867557880144,218.135593220339,42.0496065729468,175.5402093239042,0.06705024217443167
DEMO-E04-5Q-0004,2026-03-19 02:20:30,12.101694915254237,0.20964748745083306,218.33898305084745,44.108870445679784,181.79121236760616,7.269978535570274
DEMO-E04-5Q-0004,2026-03-19 02:21:00,11.762711864406779,0.2038589609614273,218.54237288135593,47.845799647952354,184.20020050257477,10.700004237336188
DEMO-E04-5Q-0004,2026-03-19 02:21:30,11.423728813559322,0.19806329872832162,218.74576271186442,47.50709987265922,183.47673365270035,11.066906379243747
DEMO-E04-5Q-0004,2026-03-19 02:22:00,11.084745762711865,0.19226070361902822,218.94915254237287,43.51018535991529,178.39033371284972,7.14041670313371
DEMO-E04-5Q-0004,2026-03-19 02:22:30,10.745762711864407,0.18645137874373327,219.15254237288136,41.7978379346015,168.56990119490263,-1.4503637351178185
DEMO-E04-5Q-0004,2026-03-19 02:23:00,10.406779661016948,0.180635527448187,219.35593220338984,42.61030043089922,166.11966505303647,-2.6010147810974757
DEMO-E04-5Q-0004,2026-03-19 02:23:30,10.067796610169491,0.17481335330658637,219.5593220338983,45.91866082611872,171.8047994145573,4.453819509486706
DEMO-E04-5Q-0004,2026-03-19 02:24:00,9.728813559322035,0.16898506011444883,219.76271186440678,47.04674221669762,171.4853355924085,5.574342845124519
DEMO-E04-5Q-0004,2026-03-19 02:24:30,9.389830508474576,0.16315085188147904,219.96610169491527,45.01936242054914,170.80337108065902,6.4028156571067
DEMO-E04-5Q-0004,2026-03-19 02:25:00,9.050847457627118,0.15731093282442793,220.16949152542372,41.684297772490915,165.38867995908595,2.569165468534109
DEMO-E04-5Q-0004,2026-03-19 02:25:30,8.711864406779661,0.15146550735994427,220.3728813559322,42.388188425934466,164.62163318293275,3.4539071498183063
DEMO-E04-5Q-0004,2026-03-19 02:26:00,8.372881355932204,0.14561478009741938,220.5762711864407,44.639225671201274,162.56078479677996,3.1157290996164164
DEMO-E04-5Q-0004,2026-03-19 02:26:30,8.033898305084746,0.13975895583182532,220.77966101694915,46.89746426983097,163.35023089665913,5.698852175335944
DEMO-E04-5Q-0004,2026-03-19 02:27:00,7.694915254237288,0.13389823953654623,220.98305084745763,44.502077059874935,161.74176438534374,5.9551844181476525
DEMO-E04-5Q-0004,2026-03-19 02:27:30,7.3559322033898304,0.12803283635620352,221.1864406779661,41.962221286289136,163.1117560107338,9.26120206242878
DEMO-E04-5Q-0004,2026-03-19 02:28:00,7.016949152542373,0.12216295159947535,221.38983050847457,41.84066448929546,159.29093134757665,7.447726489882612
DEMO-E04-5Q-0004,2026-03-19 02:28:30,6.677966101694915,0.11628879073190988,221.59322033898306,44.98117685747932,160.19686604777692,10.432419453592885
DEMO-E04-5Q-0004,2026-03-19 02:29:00,6.338983050847458,0.1104105593687335,221.79661016949152,46.11307739917177,135.12763228727883,-12.486570500001093
DEMO-E04-5Q-0004,2026-03-19 02:29:30,6.0,0.10452846326765347,222.0,44.733275327606314,110.40679249315235,-34.98561432757192
DEMO-G05-1C-0005,2026-03-19 02:40:00,6.0,0.10452846326765347,230.0,45.399779540047184,104.84392141600321,-45.849625340607474
DEMO-G05-1C-0005,2026-03-19 02:40:30,6.338983050847458,0.1104105593687335,230.20338983050848,45.696548941003925,136.5382547285248,-16.09060365342984
DEMO-G05-1C-0005,2026-03-19 02:41:00,6.677966101694915,0.11628879073190988,230.40677966101694,43.247685012896504,176.12760783760294,21.628527837289194
DEMO-G05-1C-0005,2026-03-19 02:41:30,7.016949152542373,0.12216295159947535,230.61016949152543,43.99903250388691,177.10157779926956,20.797302469377254
DEMO-G05-1C-0005,2026-03-19 02:42:00,7.3559322033898304,0.12803283635620352,230.8135593220339,45.930968195291605,164.5946743511495,6.5501573832349855
DEMO-G05-1C-0005,2026-03-19 02:42:30,7.694915254237288,0.13389823953654623,231.01694915254237,45.62402451088556,167.26649707468079,7.546610705608995
DEMO-G05-1C-0005,2026-03-19 02:43:00,8.033898305084746,0.13975895583182532,231.22033898305085,42.288309839917694,177.1407370543548,15.810263231616798
DEMO-G05-1C-0005,2026-03-19 02:43:30,8.372881355932204,0.14561478009741938,231.42372881355934,44.011473441671434,174.1662489582182,11.289870529261318
DEMO-G05-1C-0005,2026-03-19 02:44:00,8.711864406779661,0.15146550735994427,231.6271186440678,46.35470246668845,162.09937499233345,-2.2583330808711284
DEMO-G05-1C-0005,2026-03-19 02:44:30,9.050847457627118,0.15731093282442793,231.83050847457628,45.25254883419625,167.65754921689106,1.8829698169593565
DEMO-G05-1C-0005,2026-03-19 02:45:00,9.389830508474576,0.16315085188147904,232.03389830508473,42.32813423311714,179.89993718934346,12.77281940445459
DEMO-G05-1C-0005,2026-03-19 02:45:30,9.728813559322035,0.16898506011444883,232.23728813559322,43.9694179052196,173.47256601866766,5.0571087124274605
DEMO-G05-1C-0005,2026-03-19 02:46:00,10.067796610169491,0.17481335330658637,232.4406779661017,46.84492921548095,160.1208923125017,-9.518848401967094
DEMO-G05-1C-0005,2026-03-19 02:46:30,10.406779661016948,0.180635527448187,232.64406779661016,44.8957323646884,166.27537834601722,-4.524741055062012
DEMO-G05-1C-0005,2026-03-19 02:47:00,10.745762711864407,0.18645137874373327,232.84745762711864,41.31278592986822,179.5207945130985,7.62404114699677
DEMO-G05-1C-0005,2026-03-19 02:47:30,11.084745762711865,0.19226070361902822,233.05084745762713,44.16409039559308,169.93068794340434,-2.999123240998276
DEMO-G05-1C-0005,2026-03-19 02:48:00,11.423728813559322,0.19806329872832162,233.25423728813558,47.011137452867715,159.1506388057635,-14.748831165043189
DEMO-G05-1C-0005,2026-03-19 02:48:30,11.762711864406779,0.2038589609614273,233.45762711864407,44.708559724929785,171.08235487349623,-3.723560470540295
DEMO-G05-1C-0005,2026-03-19 02:49:00,12.101694915254237,0.20964748745083306,233.66101694915255,41.71335686830707,186.96851460229786,11.319173212823667
DEMO-G05-1C-0005,2026-03-19 02:49:30,12.440677966101696,0.21542867557880144,233.864406779661,44.90899661812634,175.33079628502625,-1.0991543357244813
DEMO-G05-1C-0005,2026-03-19 02:50:00,12.779661016949152,0.22120232298446205,234.0677966101695,47.638275320523334,166.69671507983838,-10.451238860331419
DEMO-G05-1C-0005,2026-03-19 02:50:30,13.118644067796609,0.22696822757089508,234.27118644067798,44.4006319497213,178.1321172427626,0.32854664479188167
DEMO-G05-1C-0005,2026-03-19 02:51:00,13.457627118644067,0.23272618751220514,234.47457627118644,42.19763016253695,188.76847111026555,10.371442959828126
DEMO-G05-1C-0005,2026-03-19 02:51:30,13.796610169491526,0.23847600126058593,234.67796610169492,45.05622478008998,171.64419020393086,-7.284372212928762
DEMO-G05-1C-0005,2026-03-19 02:52:00,14.135593220338983,0.24421746755337503,234.88135593220338,47.202636264087815,164.42397333026955,-14.974444105082572
DEMO-G05-1C-0005,2026-03-19 02:52:30,14.47457627118644,0.2499503854200989,235.08474576271186,43.8246198750763,175.16051505036202,-4.646330367177487
DEMO-G05-1C-0005,2026-03-19 02:53:00,14.813559322033898,0.25567455418950746,235.28813559322035,42.27015549476531,190.54863192615687,10.394525224044369
DEMO-G05-1C-0005,2026-03-19 02:53:30,15.152542372881356,0.2613897734965981,235.4915254237288,45.22394940941645,179.37591576455236,-1.0645539427106632
DEMO-G05-1C-0005,2026-03-19 02:54:00,15.491525423728813,0.2670958432896292,235.6949152542373,48.162198582545585,174.6064045662006,-6.059806315804256
DEMO-G05-1C-0005,2026-03-19 02:54:30,15.83050847457627,0.2727925638371229,235.89830508474577,44.775606639844895,184.4172848728082,3.5856702164207346
DEMO-G05-1C-0005,2026-03-19 02:55:00,16.16949152542373,0.278479735734856,236.10169491525423,42.37678006717676,191.4547638654653,10.5177904748553
DEMO-G05-1C-0005,2026-03-19 02:55:30,16.508474576271187,0.2841571599128398,236.3050847457627,45.053375993311164,174.3431682102442,-6.639419112798894
DEMO-G05-1C-0005,2026-03-19 02:56:00,16.847457627118644,0.2898246376422883,236.5084745762712,46.75556911404071,165.95514670020893,-15.013617816957211
DEMO-G05-1C-0005,2026-03-19 02:56:30,17.1864406779661,0.2954819705425746,236.71186440677965,44.62762701934009,177.8955238393613,-3.0002969680665816
DEMO-G05-1C-0005,2026-03-19 02:57:00,17.525423728813557,0.3011289605881744,236.91525423728814,42.36877465356271,184.54570274401834,3.781622999979984
DEMO-G05-1C-0005,2026-03-19 02:57:30,17.864406779661017,0.3067654101155981,237.11864406779662,45.62865021241881,175.1625285555513,-5.411343981148608
DEMO-G05-1C-0005,2026-03-19 02:58:00,18.203389830508474,0.3123911218303092,237.32203389830508,46.533883289537336,167.6769414857681,-12.648596511517983
DEMO-G05-1C-0005,2026-03-19 02:58:30,18.54237288135593,0.31800589881363045,237.52542372881356,44.646911280547116,176.18477214107534,-3.834650340401342
DEMO-G05-1C-0005,2026-03-19 02:59:00,18.88135593220339,0.32360954452963675,237.72881355932202,42.472946648558526,183.7124409042839,4.056561074926943
DEMO-G05-1C-0005,2026-03-19 02:59:30,19.220338983050848,0.3292018628320345,237.9322033898305,44.80558061784748,175.28850976708856,-3.9467615379018954
DEMO-G05-1C-0005,2026-03-19 03:00:00,19.559322033898304,0.3347826579710273,238.135593220339,47.18965054702096,167.19334025362718,-11.564625281346796
DEMO-G05-1C-0005,2026-03-19 03:00:30,19.89830508474576,0.340351734600168,238.33898305084745,44.61180454319142,175.8883970159857,-2.335941429997891
DEMO-G05-1C-0005,2026-03-19 03:01:00,20.237288135593218,0.3459088977831963,238.54237288135593,42.296768026713075,188.164150442569,10.529377241248223
DEMO-G05-1C-0005,2026-03-19 03:01:30,20.576271186440678,0.35145395300086235,238.74576271186442,44.930598429913005,177.08312943550064,0.09346929903244595
DEMO-G05-1C-0005,2026-03-19 03:02:00,20.915254237288135,0.3569867061577353,238.94915254237287,47.43135092162175,169.35286108340688,-6.936535610257582
DEMO-G05-1C-0005,2026-03-19 03:02:30,21.25423728813559,0.36250696358899775,239.15254237288136,44.78142567506928,180.26405496810082,4.7296676125938255
DEMO-G05-1C-0005,2026-03-19 03:03:00,21.593220338983052,0.3680145320672241,239.35593220338984,42.37217038237561,186.48110137272366,11.756057795130115
DEMO-G05-1C-0005,2026-03-19 03:03:30,21.93220338983051,0.3735092188091446,239.5593220338983,45.33517511020977,176.3795847980152,2.5178010778041053
DEMO-G05-1C-0005,2026-03-19 03:04:00,22.271186440677965,0.3789908314823932,239.76271186440678,46.34027672397174,168.3826036272671,-4.5624293518157835
DEMO-G05-1C-0005,2026-03-19 03:04:30,22.610169491525422,0.3844591782122399,239.96610169491527,45.3322980083092,174.82754205042377,2.8523187352403707
DEMO-G05-1C-0005,2026-03-19 03:05:00,22.94915254237288,0.3899140675883069,240.16949152542372,42.504676159997814,183.71852896655474,12.765735582923323
DEMO-G05-1C-0005,2026-03-19 03:05:30,23.28813559322034,0.3953553086712688,240.3728813559322,44.27718811465012,179.0900707366017,9.211882274930357
DEMO-G05-1C-0005,2026-03-19 03:06:00,23.627118644067796,0.4007827109995358,240.5762711864407,47.207289393571564,169.99148232241936,1.2396219466654055
DEMO-G05-1C-0005,2026-03-19 03:06:30,23.966101694915253,0.4061960845959207,240.77966101694915,45.31313003941816,176.10528116967947,8.531013741953469
DEMO-G05-1C-0005,2026-03-19 03:07:00,24.305084745762713,0.41159523997428915,240.98305084745763,42.877152342415044,184.81343961358348,18.467565293443126
DEMO-G05-1C-0005,2026-03-19 03:07:30,24.64406779661017,0.4169799881461912,241.1864406779661,44.296503492314685,184.79583749960642,19.72868541890895
DEMO-G05-1C-0005,2026-03-19 03:08:00,24.983050847457626,0.4223501406274776,241.38983050847457,46.32651485814064,176.73146560740102,12.992887621573114
DEMO-G05-1C-0005,2026-03-19 03:08:30,25.322033898305083,0.4277055094448968,241.59322033898306,47.203954607050676,176.74694271039908,14.386307226970015
DEMO-G05-1C-0005,2026-03-19 03:09:00,25.66101694915254,0.43304590714267505,241.79661016949152,43.169289080279334,143.94835298712715,-16.98546112763785
DEMO-G05-1C-0005,2026-03-19 03:09:30,26.0,0.4383711467890774,242.0,42.881977324851654,102.51446014035542,-56.9441492951872
DEMO-E06-5Q-0006,2026-03-19 03:20:00,26.0,0.4383711467890774,250.0,46.584109348269386,132.75754198668014,-42.658403920958136
DEMO-E06-5Q-0006,2026-03-19 03:20:30,25.66101694915254,0.43304590714267505,250.20338983050848,48.12284087903634,163.5681230849334,-12.474230243924238
DEMO-E06-5Q-0006,2026-03-19 03:21:00,25.322033898305083,0.4277055094448968,250.40677966101694,45.82808488206981,192.34979866272076,15.712015558680976
DEMO-E06-5Q-0006,2026-03-19 03:21:30,24.983050847457626,0.4223501406274776,250.61016949152543,43.75339787349732,185.74553893009795,8.5436021709576
DEMO-E06-5Q-0006,2026-03-19 03:22:00,24.64406779661017,0.4169799881461912,250.8135593220339,43.16172155837394,185.4358518227586,7.701332226631651
DEMO-E06-5Q-0006,2026-03-19 03:22:30,24.305084745762713,0.41159523997428915,251.01694915254237,45.12396662877643,192.3006769374643,14.065436195673358
DEMO-E06-5Q-0006,2026-03-19 03:23:00,23.966101694915253,0.4061960845959207,251.22033898305085,48.06988812661704,196.2659635273045,17.56215033125989
DEMO-E06-5Q-0006,2026-03-19 03:23:30,23.627118644067796,0.4007827109995358,251.42372881355934,47.23229307199192,193.50109520504733,14.361141325350617
DEMO-E06-5Q-0006,2026-03-19 03:24:00,23.28813559322034,0.3953553086712688,251.6271186440678,44.804959583193906,186.73226089891543,7.188877217216261
DEMO-E06-5Q-0006,2026-03-19 03:24:30,22.94915254237288,0.3899140675883069,251.83050847457628,42.28448007697952,174.79830636272618,-5.1155211431322964
DEMO-E06-5Q-0006,2026-03-19 03:25:00,22.610169491525422,0.3844591782122399,252.03389830508473,43.319121413119035,178.7961663836365,-1.45484793336797
DEMO-E06-5Q-0006,2026-03-19 03:25:30,22.271186440677965,0.3789908314823932,252.23728813559322,45.735779566524705,181.38870076434142,0.8340235777311328
DEMO-E06-5Q-0006,2026-03-19 03:26:00,21.93220338983051,0.3735092188091446,252.4406779661017,47.95634578911499,185.38489318042318,4.56033984256675
DEMO-E06-5Q-0006,2026-03-19 03:26:30,21.593220338983052,0.3680145320672241,252.64406779661016,45.42949062945529,182.15649344791544,1.0961092577829583
DEMO-E06-5Q-0006,2026-03-19 03:27:00,21.25423728813559,0.36250696358899775,252.84745762711864,43.52558815631353,179.2437712222031,-2.0181441807671354
DEMO-E06-5Q-0006,2026-03-19 03:27:30,20.915254237288135,0.3569867061577353,253.05084745762713,42.30541607733085,176.18596160270405,-5.242935316697212
DEMO-E06-5Q-0006,2026-03-19 03:28:00,20.576271186440678,0.35145395300086235,253.25423728813558,45.05630934385946,188.0024459148226,6.44136290608944
DEMO-E06-5Q-0006,2026-03-19 03:28:30,20.237288135593218,0.3459088977831963,253.45762711864407,47.40805280901197,192.34395797207569,10.685725663337907
DEMO-E06-5Q-0006,2026-03-19 03:29:00,19.89830508474576,0.340351734600168,253.66101694915255,47.81603353648702,190.27900709917776,8.55889923193209
DEMO-E06-5Q-0006,2026-03-19 03:29:30,19.559322033898304,0.3347826579710273,253.864406779661,44.69907569499882,183.44351606295083,1.6970388798107785
DEMO-E06-5Q-0006,2026-03-19 03:30:00,19.220338983050848,0.3292018628320345,254.0677966101695,41.58892225149172,174.4135218769366,-7.323590369808441
DEMO-E06-5Q-0006,2026-03-19 03:30:30,18.88135593220339,0.32360954452963675,254.27118644067798,43.21579490967284,170.7469564265777,-10.944833153023778
DEMO-E06-5Q-0006,2026-03-19 03:31:00,18.54237288135593,0.31800589881363045,254.47457627118644,45.551741871645135,177.35904327644732,-4.251246997177786
DEMO-E06-5Q-0006,2026-03-19 03:31:30,18.203389830508474,0.3123911218303092,254.67796610169492,47.14312475725387,181.82927805937993,0.33687802973892855
DEMO-E06-5Q-0006,2026-03-19 03:32:00,17.864406779661017,0.3067654101155981,254.88135593220338,46.2279982138132,178.39130754129033,-2.946601653998241
DEMO-E06-5Q-0006,2026-03-19 03:32:30,17.525423728813557,0.3011289605881744,255.08474576271186,43.0716868466273,173.91949221821818,-7.227120584073644
DEMO-E06-5Q-0006,2026-03-19 03:33:00,17.1864406779661,0.2954819705425746,255.28813559322035,42.11818494903512,174.2489441003993,-6.669366502689767
DEMO-E06-5Q-0006,2026-03-19 03:33:30,16.847457627118644,0.2898246376422883,255.4915254237288,44.4611543431057,172.71157338474376,-7.94123372207312
DEMO-E06-5Q-0006,2026-03-19 03:34:00,16.508474576271187,0.2841571599128398,255.6949152542373,47.205764955050235,173.3593136852081,-6.990597929434726
DEMO-E06-5Q-0006,2026-03-19 03:34:30,16.16949152542373,0.278479735734856,255.89830508474577,45.895765535317764,173.71882855902567,-6.290609695416405
DEMO-E06-5Q-0006,2026-03-19 03:35:00,15.83050847457627,0.2727925638371229,256.10169491525426,43.26698995745059,173.35653860804217,-6.274667406770048
DEMO-E06-5Q-0006,2026-03-19 03:35:30,15.491525423728813,0.2670958432896292,256.3050847457627,42.239677894877765,171.81015366761346,-7.404885110808236
DEMO-E06-5Q-0006,2026-03-19 03:36:00,15.152542372881356,0.2613897734965981,256.50847457627117,44.36649856551508,172.01772020060812,-6.743045154078713
DEMO-E06-5Q-0006,2026-03-19 03:36:30,14.813559322033898,0.25567455418950746,256.7118644067797,46.90774672668721,176.66068101118518,-1.6075385005870522
DEMO-E06-5Q-0006,2026-03-19 03:37:00,14.47457627118644,0.2499503854200989,256.91525423728814,45.94137056484658,176.46504990715462,-1.2721901007558336
DEMO-E06-5Q-0006,2026-03-19 03:37:30,14.135593220338983,0.24421746755337503,257.1186440677966,44.55145573486787,172.24837983717683,-4.919290784858843
DEMO-E06-5Q-0006,2026-03-19 03:38:00,13.796610169491526,0.23847600126058593,257.3220338983051,42.173777991420515,170.8082453449451,-5.751114838781858
DEMO-E06-5Q-0006,2026-03-19 03:38:30,13.457627118644067,0.23272618751220514,257.52542372881356,43.18150178369683,172.1730268328707,-3.739135769586253
DEMO-E06-5Q-0006,2026-03-19 03:39:00,13.118644067796609,0.22696822757089508,257.728813559322,46.62069742367976,173.59553581516994,-1.6304010809712657
DEMO-E06-5Q-0006,2026-03-19 03:39:30,12.779661016949152,0.22120232298446205,257.93220338983053,46.23541106724801,175.17414095891172,0.6735937399277269
DEMO-E06-5Q-0006,2026-03-19 03:40:00,12.440677966101696,0.21542867557880144,258.135593220339,44.90978114833027,170.59841277503816,-3.1374501135784363
DEMO-E06-5Q-0006,2026-03-19 03:40:30,12.101694915254237,0.20964748745083306,258.33898305084745,42.69180671809126,166.61448194931052,-6.317276463213316
DEMO-E06-5Q-0006,2026-03-19 03:41:00,11.762711864406779,0.2038589609614273,258.54237288135596,41.68135607696543,171.7439114946625,-0.3442020190922769
DEMO-E06-5Q-0006,2026-03-19 03:41:30,11.423728813559322,0.19806329872832162,258.7457627118644,45.773327043126905,177.22404356858604,6.019230412672075
DEMO-E06-5Q-0006,2026-03-19 03:42:00,11.084745762711865,0.19226070361902822,258.9491525423729,47.25925849068311,176.87550922269645,6.593761655267487
DEMO-E06-5Q-0006,2026-03-19 03:42:30,10.745762711864407,0.18645137874373327,259.1525423728814,46.16663857774624,178.91256471662098,9.59375245152964
DEMO-E06-5Q-0006,2026-03-19 03:43:00,10.406779661016948,0.180635527448187,259.35593220338984,42.58006117760887,174.97524274055382,6.659334663687362
DEMO-E06-5Q-0006,2026-03-19 03:43:30,10.067796610169491,0.17481335330658637,259.5593220338983,42.38136197135859,173.35403899473334,6.08109783076384
DEMO-E06-5Q-0006,2026-03-19 03:44:00,9.728813559322035,0.16898506011444883,259.76271186440675,44.8458582434168,174.14979654427353,7.959973502069831
DEMO-E06-5Q-0006,2026-03-19 03:44:30,9.389830508474576,0.16315085188147904,259.96610169491527,46.94851327188099,176.86025145499843,11.793780852440394
DEMO-E06-5Q-0006,2026-03-19 03:45:00,9.050847457627118,0.15731093282442793,260.1694915254237,46.33491353322956,174.12278659055636,10.219980459495618
DEMO-E06-5Q-0006,2026-03-19 03:45:30,8.711864406779661,0.15146550735994427,260.3728813559322,43.41340329447799,169.5754446099677,6.876687282081749
DEMO-E06-5Q-0006,2026-03-19 03:46:00,8.372881355932204,0.14561478009741938,260.5762711864407,41.42701799503141,166.92158899382878,5.467331668118591
DEMO-E06-5Q-0006,2026-03-19 03:46:30,8.033898305084746,0.13975895583182532,260.77966101694915,43.63477391971592,168.66650582805352,8.497261120737308
DEMO-E06-5Q-0006,2026-03-19 03:47:00,7.694915254237288,0.13389823953654623,260.9830508474576,46.41454334086836,171.43548598200357,12.591822459562538
DEMO-E06-5Q-0006,2026-03-19 03:47:30,7.3559322033898304,0.12803283635620352,261.1864406779661,46.692872834452984,171.01528966267122,13.537826358805349
DEMO-E06-5Q-0006,2026-03-19 03:48:00,7.016949152542373,0.12216295159947535,261.3898305084746,44.18945089083801,169.11070182656113,13.040102743815995
DEMO-E06-5Q-0006,2026-03-19 03:48:30,6.677966101694915,0.11628879073190988,261.59322033898303,41.27078032910723,170.64601392169104,16.022982518518692
DEMO-E06-5Q-0006,2026-03-19 03:49:00,6.338983050847458,0.1104105593687335,261.79661016949154,43.072660874972584,127.42712105821307,-25.70760527776731
DEMO-E06-5Q-0006,2026-03-19 03:49:30,6.0,0.10452846326765347,262.0,46.72744494693016,95.03028932491173,-56.57536616686221
