PRN,Sys,El(°),Az(°),Freq,SNR,Pseudorange (m),Phase (cyc)
C01,BDS,35.1,132.6,2I,43.3,38214704.32306174,198994064.74530596
C01,BDS,35.1,132.6,6I,39.4,38214702.50544706,161698923.6061861
C01,BDS,35.1,132.6,7I,39.4,38214700.39466873,153874826.27272147
C02,BDS,33.3,216.9,2I,37.2,37732471.91810095,196482935.6450657
C02,BDS,33.3,216.9,6I,40.1,37732465.830348186,159658482.2607554
C02,BDS,33.3,216.9,7I,41.8,37732463.27675313,151933062.35034344
C03,BDS,44.1,181.4,2I,44.8,36958633.67541886,192453351.75998077
C03,BDS,44.1,181.4,6I,38.6,36958628.69610393,156384109.80455607
C03,BDS,44.1,181.4,7I,39.9,36958627.28724315,148817131.09458613
C08,BDS,66.0,263.6,2I,28.8,36657920.169239834,190887472.42024273
C13,BDS,57.8,254.1,2I,32.6,37037319.000026084,192863131.71120742
C13,BDS,57.8,254.1,6I,32.3,37037318.17693421,156717114.05298427
C13,BDS,57.8,254.1,7I,28.7,37037318.43659345,149134037.79534218
C33,BDS,45.8,206.2,1P,47.7,23323316.668861046,122564888.44537185
C33,BDS,45.8,206.2,2I,48.6,23323318.716539398,121450672.43449168
C33,BDS,45.8,206.2,5P,47.1,23323343.481888413,91525848.49071878
C33,BDS,45.8,206.2,6I,48.1,23323330.152714096,98688679.60454509
C33,BDS,45.8,206.2,7D,46.0,23323342.11602497,93913471.1263499
C59,BDS,36.9,138.4,2I,45.1,37934294.71200591,197533881.09594524
C59,BDS,36.9,138.4,6I,39.4,37934279.37703376,160512416.3228468
C59,BDS,36.9,138.4,7D,45.8,37934281.6078696,152745694.50983608
C60,BDS,32.4,222.6,2I,39.6,38097555.93713117,198384021.2721141
C60,BDS,32.4,222.6,6I,40.6,38097538.47295325,161203219.3917318
C60,BDS,32.4,222.6,7D,39.9,38097540.43575374,153403077.77784687
E04,GAL,46.9,114.4,5Q,26.2,24723768.202323187,97021987.53239025
E04,GAL,46.9,114.4,6C,26.2,24723767.17597118,105458586.1925507
E04,GAL,46.9,114.4,7Q,30.9,24723768.803169083,99552961.67372675
E04,GAL,46.9,114.4,8Q,31.9,24723767.757272832,98287490.6415031
E06,GAL,38.7,149.6,1C,44.5,25340335.313963797,133164744.18808593
E06,GAL,38.7,149.6,5Q,44.2,25340337.867000453,99441425.77154966
E06,GAL,38.7,149.6,6C,42.4,25340333.889467623,108088323.00556765
E06,GAL,38.7,149.6,7Q,44.7,25340337.03553248,102035441.54793926
E06,GAL,38.7,149.6,8Q,47.4,25340336.516214,100738430.19292708
E09,GAL,22.9,172.0,1C,41.6,26650210.786980134,140047944.18454322
E09,GAL,22.9,172.0,5Q,38.6,26650213.599676028,104581358.6932748
E09,GAL,22.9,172.0,6C,35.9,26650210.36203243,113675307.03405908
E09,GAL,22.9,172.0,7Q,42.6,26650212.93517174,107309551.5854816
E09,GAL,22.9,172.0,8Q,43.9,26650212.91227705,105945455.67219019
E16,GAL,12.1,197.7,5Q,27.5,27662104.79006075,108551892.85310672
E16,GAL,12.1,197.7,6C,30.0,27662099.18309639,117991192.66717695
E16,GAL,12.1,197.7,7Q,28.9,27662102.997574385,111383680.76478639
E16,GAL,12.1,197.7,8Q,31.2,27662103.01097615,109967790.8399045
E25,GAL,29.7,244.6,1C,33.6,26000163.934400056,136631780.5013239
E25,GAL,29.7,244.6,5Q,32.4,26000166.334991608,102030236.29292339
E25,GAL,29.7,244.6,6C,33.4,26000162.33903135,110902417.50766815
E25,GAL,29.7,244.6,7Q,32.5,26000164.62570788,104691888.20879732
E25,GAL,29.7,244.6,8Q,35.4,26000164.98308834,103361063.28424829
G05,GPS,59.8,266.3,1C,32.5,20907796.463623926,109871431.58618256
G05,GPS,59.8,266.3,1W,14.0,20907796.03979304,109871431.58618256
G05,GPS,59.8,266.3,2W,14.0,20907794.937497687,85614188.38902655
G09,GPS,10.1,37.8,1C,30.8,24476536.330641717,128625044.90685204
G09,GPS,10.1,37.8,1W,19.7,24476536.06819044,128625044.90685204
G09,GPS,10.1,37.8,2L,31.4,24476532.574238043,100227323.56050162
G09,GPS,10.1,37.8,2W,19.7,24476533.90603866,100227311.53307407
G09,GPS,10.1,37.8,5Q,38.1,24476534.25448461,96051183.34110609
G12,GPS,19.8,229.6,1C,41.2,24007214.78058751,126158765.95414606
G12,GPS,19.8,229.6,1W,29.8,24007214.13786109,126158765.95414606
G12,GPS,19.8,229.6,2L,33.9,24007214.78617158,98305527.72215793
G12,GPS,19.8,229.6,2W,29.8,24007213.601231996,98305521.73073833
G13,GPS,23.3,171.5,1C,41.6,23195720.427699007,121894469.65752324
G13,GPS,23.3,171.5,1W,22.3,23195719.708470833,121894469.65752324
G13,GPS,23.3,171.5,2W,22.3,23195720.207128257,94982732.84376897
G19,GPS,11.4,146.4,1C,41.2,24177269.77920706,127052539.19121072
G19,GPS,11.4,146.4,1W,25.7,24177268.349126812,127052539.19121072
G19,GPS,11.4,146.4,2W,25.7,24177270.253294572,99001806.06728084
R05,GLO,70.6,162.5,1C,38.1,19457204.20825535,104010167.22506209
R05,GLO,70.6,162.5,2C,40.8,19457211.853405144,80896956.8504322
R05,GLO,70.6,162.5,2P,37.1,19457210.964421254,80896649.81759962
R06,GLO,21.3,197.8,1C,47.7,22566748.497363612,120420632.29639374
R06,GLO,21.3,197.8,2C,47.5,22566755.907424074,93660644.5017698
R06,GLO,21.3,197.8,2P,47.4,22566755.274748977,93660554.52457267
R18,GLO,5.2,116.9,1C,36.4,24150889.0599051,128919084.59227024
R18,GLO,5.2,116.9,2C,37.3,24150896.010396626,100270430.18185884
R18,GLO,5.2,116.9,2P,36.4,24150894.100644797,100270418.2020489
C01,BDS,35.1,132.6,2I,43.4,38214760.2676222,198994355.6242397
C01,BDS,35.1,132.6,6I,39.3,38214758.36959692,161699159.97977927
C01,BDS,35.1,132.6,7I,39.3,38214756.40177077,153875051.21000695
C02,BDS,33.3,216.9,2I,37.4,37732513.98736508,196483155.24942848
C02,BDS,33.3,216.9,6I,40.1,37732507.96159549,159658660.7055166
C02,BDS,33.3,216.9,7I,41.8,37732505.443738475,151933232.16461557
C03,BDS,44.1,181.4,2I,44.8,36958685.492793426,192453621.7429407
C03,BDS,44.1,181.4,6I,38.6,36958680.64302891,156384329.18250996
C03,BDS,44.1,181.4,7I,40.0,36958679.1358885,148817339.8619747
C08,BDS,66.0,263.6,2I,28.6,36657979.79314381,190887783.19560373
C13,BDS,57.8,254.1,2I,32.7,37037360.1144143,192863346.6813092
C13,BDS,57.8,254.1,6I,31.9,37037359.22654722,156717288.72966602
C13,BDS,57.8,254.1,7I,28.3,37037359.50128345,149134203.9918205
C33,BDS,45.8,206.2,1P,47.7,23322908.690029584,122562743.89617847
C33,BDS,45.8,206.2,2I,48.7,23322910.6628814,121448547.37974618
C33,BDS,45.8,206.2,5P,47.2,23322935.38132423,91524247.04821973
C33,BDS,45.8,206.2,6I,48.1,23322922.060526017,98686952.8181774
C33,BDS,45.8,206.2,7D,46.0,23322934.03165459,93911827.89978246
C59,BDS,36.9,138.4,2I,45.2,37934341.38254345,197534124.47570267
C59,BDS,36.9,138.4,6I,39.2,37934326.01127486,160512614.08351952
C59,BDS,36.9,138.4,7D,45.8,37934328.37221952,152745882.706503
C60,BDS,32.4,222.6,2I,39.8,38097604.44482763,198384274.27296084
C60,BDS,32.4,222.6,6I,40.6,38097587.01247892,161203424.9856859
C60,BDS,32.4,222.6,7D,39.9,38097588.99761569,153403273.42202005
E04,GAL,46.9,114.4,5Q,26.4,24723568.194349132,97021203.4579665
E04,GAL,46.9,114.4,6C,26.3,24723566.94072549,105457734.00324337
E04,GAL,46.9,114.4,7Q,30.8,24723569.177145395,99552157.1879086
E04,GAL,46.9,114.4,8Q,31.8,24723568.032411113,98286696.36166559
E06,GAL,38.7,149.6,1C,44.4,25339932.10001899,133162624.73796351
E06,GAL,38.7,149.6,5Q,44.2,25339934.581021145,99439843.06857638
E06,GAL,38.7,149.6,6C,42.6,25339930.500183027,108086602.66255319
E06,GAL,38.7,149.6,7Q,44.7,25339933.628937267,102033817.555376
E06,GAL,38.7,149.6,8Q,47.4,25339933.193938237,100736826.84489204
E09,GAL,22.9,172.0,1C,41.7,26649695.568882562,140045236.7003017
E09,GAL,22.9,172.0,5Q,38.6,26649698.288882904,104579336.87665302
E09,GAL,22.9,172.0,6C,36.1,26649695.293587927,113673109.38764596
E09,GAL,22.9,172.0,7Q,42.6,26649697.731034342,107307477.03368716
E09,GAL,22.9,172.0,8Q,43.9,26649697.682452936,105943407.4873771
E16,GAL,12.1,197.7,5Q,27.6,27662709.401296146,108554265.0753585
E16,GAL,12.1,197.7,6C,29.9,27662703.81555125,117993771.22559819
E16,GAL,12.1,197.7,7Q,29.3,27662707.521698296,111386114.86997266
E16,GAL,12.1,197.7,8Q,31.4,27662707.498803608,109970194.01639505
E25,GAL,29.7,244.5,1C,33.1,26000608.62178876,136634116.61864632
E25,GAL,29.7,244.5,5Q,32.4,26000610.734800726,102031980.74626642
E25,GAL,29.7,244.5,6C,33.4,26000606.786305055,110904313.67404294
E25,GAL,29.7,244.5,7Q,32.4,26000609.133289542,104693678.23538673
E25,GAL,29.7,244.5,8Q,35.4,26000609.533667337,103362830.52795878
G05,GPS,59.8,266.4,1C,32.0,20907626.142797906,109870538.13027015
G05,GPS,59.8,266.4,1W,13.8,20907625.713941354,109870538.13027015
G05,GPS,59.8,266.4,2W,13.8,20907624.94445655,85613492.21762495
G09,GPS,10.1,37.8,1C,31.1,24477169.576986413,128628372.86553991
G09,GPS,10.1,37.8,1W,19.7,24477169.305042222,128628372.86553991
G09,GPS,10.1,37.8,2L,31.6,24477165.254916485,100229916.74933955
G09,GPS,10.1,37.8,2W,19.7,24477167.114411686,100229904.75678238
G09,GPS,10.1,37.8,5Q,38.0,24477167.616977956,96053668.48698305
G12,GPS,19.8,229.6,1C,41.5,24007822.188325,126161956.91224048
G12,GPS,19.8,229.6,1W,29.7,24007821.545040175,126161956.91224048
G12,GPS,19.8,229.6,2L,33.4,24007821.73043129,98308014.19501527
G12,GPS,19.8,229.6,2W,29.7,24007820.847589873,98308008.18587469
G13,GPS,23.3,171.5,1C,41.7,23195069.273801263,121891049.76623443
G13,GPS,23.3,171.5,1W,22.4,23195068.564066008,121891049.76623443
G13,GPS,23.3,171.5,2W,22.4,23195069.44746583,94980068.00541858
G19,GPS,11.4,146.4,1C,41.3,24178066.75885078,127056727.3210962
G19,GPS,11.4,146.4,1W,25.6,24178065.323744874,127056727.3210962
G19,GPS,11.4,146.4,2W,25.6,24178067.279286075,99005069.52339111
R05,GLO,70.6,162.5,1C,39.2,19456987.77753238,104009011.81384963
R05,GLO,70.6,162.5,2C,40.9,19456995.588529043,80896058.1844978
R05,GLO,70.6,162.5,2P,37.2,19456994.976515006,80895751.1516652
R06,GLO,21.3,197.8,1C,48.0,22566018.080947246,120416735.62584268
R06,GLO,21.3,197.8,2C,47.4,22566025.603805915,93657613.77596924
R06,GLO,21.3,197.8,2P,47.6,22566025.02306267,93657523.79935153
R18,GLO,5.2,116.9,1C,36.4,24151520.586356334,128922466.45130521
R18,GLO,5.2,116.9,2C,37.2,24151528.815041408,100273060.49290012
R18,GLO,5.2,116.9,2P,37.0,24151527.179467402,100273048.50149812
C01,BDS,35.1,132.6,2I,43.1,38214816.051361464,198994646.50099257
C01,BDS,35.1,132.6,6I,39.2,38214814.269484825,161699396.33683285
C01,BDS,35.1,132.6,7I,39.5,38214812.185510024,153875276.12593192
C02,BDS,33.3,216.9,2I,37.2,37732556.16328494,196483374.8472488
C02,BDS,33.3,216.9,6I,40.0,37732550.102335714,159658839.15677556
C02,BDS,33.3,216.9,7I,41.8,37732547.63808577,151933401.9760771
C03,BDS,44.1,181.4,2I,44.7,36958737.349814884,192453891.733897
C03,BDS,44.1,181.4,6I,38.4,36958732.545281336,156384548.56814295
C03,BDS,44.1,181.4,7I,40.1,36958731.02473916,148817548.64341623
C08,BDS,66.0,263.6,2I,28.8,36658039.42207344,190888094.00440413
C13,BDS,57.8,254.1,2I,32.4,37037401.51303166,192863561.69575444
C13,BDS,57.8,254.1,6I,31.5,37037400.4263717,156717463.43588278
C13,BDS,57.8,254.1,7I,28.1,37037400.58886813,149134370.27486503
C33,BDS,45.8,206.2,1P,47.6,23322500.83125562,122560599.71819283
C33,BDS,45.8,206.2,2I,48.6,23322502.609223403,121446422.69574158
C33,BDS,45.8,206.2,5P,47.1,23322527.3728972,91522645.86648645
C33,BDS,45.8,206.2,6I,48.1,23322514.04148925,98685226.34015544
C33,BDS,45.8,206.2,7D,46.0,23322525.98023022,93910184.96607871
C59,BDS,36.9,138.4,2I,45.1,37934388.187098674,197534367.8518254
C59,BDS,36.9,138.4,6I,39.3,37934372.6416071,160512811.8483271
C59,BDS,36.9,138.4,7D,45.8,37934375.13656943,152746070.90035936
C60,BDS,32.4,222.6,2I,39.7,38097653.19040547,198384527.29198116
C60,BDS,32.4,222.6,6I,40.6,38097635.56540635,161203630.58082137
C60,BDS,32.4,222.6,7D,39.9,38097637.55054312,153403469.05719933
E04,GAL,46.9,114.4,5Q,26.0,24723368.856463443,97020419.78564794
E04,GAL,46.9,114.4,6C,26.8,24723367.50176814,105456882.09082697
E04,GAL,46.9,114.4,7Q,30.9,24723369.432181027,99551353.00394802
E04,GAL,46.9,114.4,8Q,31.8,24723368.257851172,98285902.42702116
E06,GAL,38.7,149.6,1C,44.2,25339528.96201753,133160505.53433476
E06,GAL,38.7,149.6,5Q,44.0,25339531.31849493,99438260.54364695
E06,GAL,38.7,149.6,6C,42.4,25339527.189633813,108084882.53271498
E06,GAL,38.7,149.6,7Q,44.8,25339530.321180087,102032193.75168449
E06,GAL,38.7,149.6,8Q,47.4,25339529.925269548,100735223.67999801
E09,GAL,22.9,172.0,1C,41.6,26649180.192755822,140042529.28501976
E09,GAL,22.9,172.0,5Q,38.5,26649183.118808333,104577315.1093357
E09,GAL,22.9,172.0,6C,35.9,26649179.97386029,113670911.81149764
E09,GAL,22.9,172.0,7Q,42.7,26649182.458771296,107305402.51561986
E09,GAL,22.9,172.0,8Q,43.9,26649182.47105625,105941359.34252207
E16,GAL,12.1,197.7,5Q,27.6,27663313.905317407,108556637.28391458
E16,GAL,12.1,197.7,6C,29.5,27663308.24195394,117996349.65420818
E16,GAL,12.1,197.7,7Q,28.2,27663312.33005135,111388548.96560293
E16,GAL,12.1,197.7,8Q,30.9,27663312.048614237,109972597.1740165
E25,GAL,29.6,244.5,1C,33.2,26001053.428118147,136636452.97145823
E25,GAL,29.6,244.5,5Q,32.5,26001055.38142572,102033725.4477752
E25,GAL,29.6,244.5,6C,33.7,26001050.79076204,110906210.0797944
E25,GAL,29.6,244.5,7Q,31.9,26001053.758136664,104695468.43398432
E25,GAL,29.6,244.5,8Q,35.2,26001054.10714102,103364597.97811915
G05,GPS,59.8,266.4,1C,31.9,20907456.578613322,109869645.1269964
G05,GPS,59.8,266.4,1W,14.1,20907456.154224027,109869645.1269964
G05,GPS,59.8,266.4,2W,14.1,20907454.996087976,85612796.34405077
G09,GPS,10.1,37.8,1C,30.5,24477802.26715777,128631701.19030021
G09,GPS,10.1,37.8,1W,19.6,24477801.981253404,128631701.19030021
G09,GPS,10.1,37.8,2L,31.9,24477799.001593824,100232510.20627934
G09,GPS,10.1,37.8,2W,19.6,24477800.314408608,100232498.24116117
G09,GPS,10.1,37.8,5Q,38.0,24477800.85718018,96056153.89033876
G12,GPS,19.8,229.6,1C,41.4,24008429.44696783,126165148.05667241
G12,GPS,19.8,229.6,1W,29.7,24008428.80424141,126165148.05667241
G12,GPS,19.8,229.6,2L,33.4,24008428.6032149,98310500.80792588
G12,GPS,19.8,229.6,2W,29.7,24008428.178825606,98310494.79135388
G13,GPS,23.3,171.5,1C,41.4,23194418.595666256,121887629.97691767
G13,GPS,23.3,171.5,1W,22.2,23194417.88034693,121887629.97691767
G13,GPS,23.3,171.5,2W,22.2,23194418.66993438,94977403.24252547
G19,GPS,11.4,146.4,1C,41.1,24178863.966324545,127060915.57863015
G19,GPS,11.4,146.4,1W,25.6,24178862.536244303,127060915.57863015
G19,GPS,11.4,146.4,2W,25.6,24178864.310303237,99008333.0755379
R05,GLO,70.6,162.5,1C,40.0,19456771.95770663,104007857.2227674
R05,GLO,70.6,162.5,2C,40.6,19456779.547574136,80895160.16688992
R05,GLO,70.6,162.5,2P,37.3,19456779.0639937,80894853.13463776
R06,GLO,21.3,197.8,1C,48.4,22565287.83484501,120412839.24134924
R06,GLO,21.3,197.8,2C,47.4,22565295.409635525,93654583.26280816
R06,GLO,21.3,197.8,2P,47.5,22565294.820516177,93654493.28213464
R18,GLO,5.2,116.9,1C,36.5,24152153.150886126,128925848.51527122
R18,GLO,5.2,116.9,2C,36.9,24152162.569536448,100275691.00216554
R18,GLO,5.2,116.9,2P,35.9,24152160.47718554,100275678.99395508
C01,BDS,35.1,132.6,2I,43.4,38214871.79433701,198994937.4206351
C01,BDS,35.1,132.6,6I,39.3,38214870.19617627,161699632.73700756
C01,BDS,35.1,132.6,7I,39.3,38214868.18814481,153875501.07558402
C02,BDS,33.3,216.9,2I,37.4,37732598.40677205,196483594.48214313
C02,BDS,33.3,216.9,6I,40.1,37732592.34135556,159659017.6216206
C02,BDS,33.3,216.9,7I,41.8,37732589.88604013,151933571.80946124
C03,BDS,44.1,181.4,2I,44.9,36958789.185058475,192454161.76556212
C03,BDS,44.1,181.4,6I,38.3,36958784.32691785,156384767.99807853
C03,BDS,44.1,181.4,7I,40.0,36958782.805817276,148817757.45689848
C08,BDS,66.0,263.6,2I,28.1,36658098.46244214,190888405.00002885
C08,BDS,66.0,263.6,6I,25.2,36658090.52747912,155112458.32316744
C13,BDS,57.8,254.1,2I,32.6,37037442.69163668,192863776.86940023
C13,BDS,57.8,254.1,6I,31.6,37037441.71777493,156717638.2679188
C13,BDS,57.8,254.1,7I,28.0,37037442.393447354,149134536.7192375
C33,BDS,45.9,206.2,1P,47.8,23322093.048425,122558455.96643582
C33,BDS,45.9,206.2,2I,48.8,23322094.76161758,121444298.4275483
C33,BDS,45.9,206.2,5P,47.1,23322119.421986084,91521045.01837994
C33,BDS,45.9,206.2,6I,48.1,23322106.082202032,98683500.20178638
C33,BDS,45.9,206.2,7D,46.1,23322118.038253617,93908542.3432264
C59,BDS,36.9,138.4,2I,45.3,37934434.883881345,197534611.27883407
C59,BDS,36.9,138.4,6I,39.0,37934419.25797917,160513009.6533023
C59,BDS,36.9,138.4,7D,45.8,37934421.86909015,152746259.14143366
C60,BDS,32.4,222.6,2I,39.8,38097701.71206211,198384780.32844812
C60,BDS,32.4,222.6,6I,40.4,38097684.18534262,161203836.1936779
C60,BDS,32.4,222.6,7D,39.9,38097686.1794139,153403664.7373481
E04,GAL,46.9,114.3,5Q,25.9,24723169.30526629,97019636.40422565
E04,GAL,46.9,114.3,6C,26.8,24723167.038692407,105456030.62381792
E04,GAL,46.9,114.3,7Q,30.7,24723169.569392785,99550549.1988552
E04,GAL,46.9,114.3,8Q,31.4,24723168.63126908,98285108.82647036
E06,GAL,38.7,149.6,1C,44.3,25339125.735787764,133158386.62781893
E06,GAL,38.7,149.6,5Q,44.1,25339128.07439615,99436678.2493528
E06,GAL,38.7,149.6,6C,42.7,25339123.944418214,108083162.64642169
E06,GAL,38.7,149.6,7Q,44.7,25339127.07149723,102030570.17733726
E06,GAL,38.7,149.6,8Q,47.4,25339126.714116774,100733620.74597265
E09,GAL,22.9,172.0,1C,41.6,26648664.80155209,140039821.97977963
E09,GAL,22.9,172.0,5Q,38.6,26648667.911320493,104575293.41980986
E09,GAL,22.9,172.0,6C,36.1,26648664.813837044,113668714.34015104
E09,GAL,22.9,172.0,7Q,42.7,26648667.249608237,107303328.1004202
E09,GAL,22.9,172.0,8Q,43.9,26648667.277528588,105939311.29312234
E16,GAL,12.1,197.7,5Q,27.0,27663918.312734254,108559009.48370543
E16,GAL,12.1,197.7,6C,29.9,27663912.810750403,117998928.14593737
E16,GAL,12.1,197.7,7Q,29.2,27663916.827930126,111390983.02413335
E16,GAL,12.1,197.7,8Q,31.0,27663916.62076114,109975000.27225588
E25,GAL,29.6,244.5,1C,32.9,26001498.083119247,136638789.66393253
E25,GAL,29.6,244.5,5Q,32.4,26001500.048711773,102035470.37937139
E25,GAL,29.6,244.5,6C,33.8,26001495.688111763,110908106.75886402
E25,GAL,29.6,244.5,7Q,32.8,26001498.437149264,104697258.88890791
E25,GAL,29.6,244.5,8Q,35.6,26001498.764934156,103366365.67024764
G05,GPS,59.8,266.4,1C,32.3,20907285.936703295,109868752.58369744
G05,GPS,59.8,266.4,1W,14.5,20907285.512872405,109868752.58369744
G05,GPS,59.8,266.4,2W,14.5,20907285.128130004,85612100.85690916
G09,GPS,10.1,37.8,1C,31.0,24478435.21363793,128635029.80190286
G09,GPS,10.1,37.8,1W,19.6,24478434.923824713,128635029.80190286
G09,GPS,10.1,37.8,2L,32.2,24478432.652225167,100235103.9599033
G09,GPS,10.1,37.8,2W,19.6,24478433.580855954,100235091.9656312
G09,GPS,10.1,37.8,5Q,37.9,24478434.10799213,96058639.57911247
G12,GPS,19.8,229.6,1C,41.1,24009037.181931805,126168339.40578209
G12,GPS,19.8,229.6,1W,29.6,24009036.542555824,126168339.40578209
G12,GPS,19.8,229.6,2L,33.4,24009036.06120902,98312987.56832108
G12,GPS,19.8,229.6,2W,29.6,24009035.528488774,98312981.55632225
G13,GPS,23.3,171.5,1C,41.5,23193767.7935649,121884210.38494256
G13,GPS,23.3,171.5,1W,22.2,23193767.087180085,121884210.38494256
G13,GPS,23.3,171.5,2W,22.2,23193767.905246295,94974738.63054681
G19,GPS,11.4,146.4,1C,41.1,24179660.961045258,127065104.00856297
G19,GPS,11.4,146.4,1W,25.5,24179659.530965015,127065104.00856297
G19,GPS,11.4,146.4,2W,25.5,24179661.426198263,99011596.7677379
R05,GLO,70.7,162.5,1C,40.2,19456556.81634535,104006703.54285802
R05,GLO,70.7,162.5,2C,40.7,19456564.033755403,80894262.85042663
R05,GLO,70.7,162.5,2P,37.7,19456563.464738704,80893955.81875488
R06,GLO,21.3,197.8,1C,48.7,22564557.689814433,120408943.18090543
R06,GLO,21.3,197.8,2C,47.4,22564565.24226867,93651553.00747964
R06,GLO,21.3,197.8,2P,47.6,22564564.760921866,93651463.02912371
R18,GLO,5.2,116.9,1C,38.0,24152785.752270773,128929230.80056268
R18,GLO,5.2,116.9,2C,36.4,24152796.04706163,100278321.70849593
R18,GLO,5.2,116.9,2P,36.6,24152793.690584227,100278309.71651435
C01,BDS,35.1,132.6,2I,42.9,38214927.578076266,198995228.1498186
C01,BDS,35.1,132.6,6I,39.4,38214926.01956242,161699868.98832566
C01,BDS,35.1,132.6,7I,39.5,38214924.06960529,153875725.89370042
C02,BDS,33.3,216.9,2I,37.2,37732640.48497069,196483813.94984064
C02,BDS,33.3,216.9,6I,40.0,37732634.50889932,159659195.95296732
C02,BDS,33.3,216.9,7I,41.5,37732631.9910423,151933741.50849912
C03,BDS,44.1,181.4,2I,44.5,36958840.94380031,192454431.6154915
C03,BDS,44.1,181.4,6I,38.5,36958836.032052614,156384987.26143646
C03,BDS,44.1,181.4,7I,39.6,36958834.67233165,148817966.12310573
C08,BDS,66.0,263.6,2I,28.4,36658157.94395233,190888715.86698464
C08,BDS,66.0,263.6,6I,25.5,36658150.441196315,155112710.91385648
C13,BDS,57.8,254.2,2I,32.1,37037484.16173013,192863991.91728488
C13,BDS,57.8,254.2,6I,31.6,37037483.19568608,156717813.02966142
C13,BDS,57.8,254.2,7I,28.4,37037483.744600125,149134702.99834725
C33,BDS,45.9,206.2,1P,47.6,23321685.353822686,122556312.39661463
C33,BDS,45.9,206.2,2I,48.4,23321686.85593743,121442174.34327157
C33,BDS,45.9,206.2,5P,47.0,23321711.543667875,91519444.30284762
C33,BDS,45.9,206.2,6I,48.1,23321698.207792673,98681774.21109247
C33,BDS,45.9,206.2,7D,46.0,23321710.1269894,93906899.87383243
C59,BDS,36.9,138.4,2I,45.1,37934481.643764004,197534854.5146568
C59,BDS,36.9,138.4,6I,39.2,37934465.892778665,160513207.3058768
C59,BDS,36.9,138.4,7D,45.7,37934468.55749671,152746447.21668306
C60,BDS,32.4,222.6,2I,39.5,38097750.58663195,198385033.19117573
C60,BDS,32.4,222.6,6I,40.3,38097732.71146651,161204041.6576778
C60,BDS,32.4,222.6,7D,40.0,38097734.6340617,153403860.25897947
E04,GAL,46.9,114.3,5Q,26.4,24722969.49608512,97018853.12689051
E04,GAL,46.9,114.3,6C,27.2,24722967.712533265,105455179.27709268
E04,GAL,46.9,114.3,7Q,30.5,24722970.075711552,99549745.5005649
E04,GAL,46.9,114.3,8Q,31.6,24722969.071695823,98284315.35134341
E06,GAL,38.7,149.6,1C,44.3,25338722.680988945,133156267.79539792
E06,GAL,38.7,149.6,5Q,44.2,25338724.833089396,99435095.99888478
E06,GAL,38.7,149.6,6C,42.6,25338720.800274275,108081442.81729297
E06,GAL,38.7,149.6,7Q,44.6,25338723.900549762,102028946.650208
E06,GAL,38.7,149.6,8Q,47.4,25338723.516924173,100732017.85801007
E09,GAL,23.0,172.0,1C,41.4,26648149.553300545,140037114.57036653
E09,GAL,23.0,172.0,5Q,38.7,26648152.718909644,104573271.6475621
E09,GAL,23.0,172.0,6C,36.1,26648149.74650936,113666516.74911611
E09,GAL,23.0,172.0,7Q,42.6,26648152.054405354,107301253.57279687
E09,GAL,23.0,172.0,8Q,43.9,26648152.0661319,105937263.14049767
E16,GAL,12.1,197.7,5Q,27.4,27664522.877063464,108561381.41560878
E16,GAL,12.1,197.7,6C,30.1,27664517.58392382,118001506.38399878
E16,GAL,12.1,197.7,7Q,29.0,27664521.31073192,111393416.90053746
E16,GAL,12.1,197.7,8Q,31.2,27664521.13036647,109977403.19845371
E25,GAL,29.6,244.5,1C,32.9,26001942.517549597,136641126.44444028
E25,GAL,29.6,244.5,5Q,32.8,26001944.570253607,102037215.37615903
E25,GAL,29.6,244.5,6C,33.9,26001940.335295167,110910003.4784252
E25,GAL,29.6,244.5,7Q,32.4,26001943.143523805,104699049.39048733
E25,GAL,29.6,244.5,8Q,35.6,26001943.43222021,103368133.42120329
G05,GPS,59.8,266.4,1C,31.7,20907116.28093997,109867860.26708461
G05,GPS,59.8,266.4,1W,14.2,20907115.866043594,109867860.26708461
G05,GPS,59.8,266.4,2W,14.2,20907115.304844588,85611405.55612408
G09,GPS,10.1,37.8,1C,30.5,24479069.265763883,128638358.67760585
G09,GPS,10.1,37.8,1W,19.3,24479068.975950666,128638358.67760585
G09,GPS,10.1,37.8,2L,32.7,24479066.266001653,100237697.85415213
G09,GPS,10.1,37.8,2W,19.3,24479066.9193378,100237685.87131295
G09,GPS,10.1,37.8,5Q,37.6,24479067.545312013,96061125.37745163
G12,GPS,19.8,229.6,1C,40.9,24009644.510375503,126171530.7196784
G12,GPS,19.8,229.6,1W,29.6,24009643.870999526,126171530.7196784
G12,GPS,19.8,229.6,2L,33.6,24009643.132227108,98315474.32128489
G12,GPS,19.8,229.6,2W,29.6,24009642.864191763,98315468.2961382
G13,GPS,23.3,171.5,1C,41.4,23193117.15842723,121880790.71740541
G13,GPS,23.3,171.5,1W,22.2,23193116.45260082,121880790.71740541
G13,GPS,23.3,171.5,2W,22.2,23193117.14111661,94972073.95454383
G19,GPS,11.4,146.4,1C,40.7,24180458.02389162,127069292.39447907
G19,GPS,11.4,146.4,1W,25.5,24180456.593811374,127069292.39447907
G19,GPS,11.4,146.4,2W,25.5,24180458.54656054,99014860.4222093
R05,GLO,70.7,162.4,1C,40.4,19456341.921241537,104005550.53979859
R05,GLO,70.7,162.4,2C,40.5,19456348.62324196,80893366.04937425
R05,GLO,70.7,162.4,2P,37.9,19456347.861016452,80893059.0339542
R06,GLO,21.3,197.8,1C,48.8,22563827.63803782,120405047.20240515
R06,GLO,21.3,197.8,2C,47.6,22563835.10840623,93648522.81298801
R06,GLO,21.3,197.8,2P,47.5,22563834.692393042,93648432.8363703
R18,GLO,5.2,116.9,1C,38.2,24153418.777486313,128932613.17229772
R18,GLO,5.2,116.9,2C,36.6,24153428.818202,100280952.44496566
R18,GLO,5.2,116.9,2P,35.5,24153427.0151059,100280940.45935969
C01,BDS,35.1,132.6,2I,43.1,38214983.37912614,198995518.8281161
C01,BDS,35.1,132.6,6I,39.1,38214981.80776893,161700105.1823458
C01,BDS,35.1,132.6,7I,39.2,38214979.80420473,153875950.66403672
C02,BDS,33.3,216.9,2I,37.4,37732682.858008206,196484033.32812423
C02,BDS,33.3,216.9,6I,40.0,37732676.60887583,159659374.2175648
C02,BDS,33.3,216.9,7I,41.7,37732674.27026746,151933911.15244937
C03,BDS,44.1,181.4,2I,44.6,36958892.77904389,192454701.41235402
C03,BDS,44.1,181.4,6I,38.4,36958887.88516523,156385206.50352925
C03,BDS,44.1,181.4,7I,39.8,36958886.41376287,148818174.73366326
C08,BDS,66.0,263.7,2I,28.6,36658217.77837573,190889026.69759336
C08,BDS,66.0,263.7,6I,25.0,36658210.277294934,155112963.63095537
C13,BDS,57.8,254.2,2I,32.2,37037525.21357677,192864207.02768666
C13,BDS,57.8,254.2,6I,31.7,37037524.805381276,156717987.83570662
C13,BDS,57.8,254.2,7I,28.1,37037525.59050147,149134869.34547332
C33,BDS,45.9,206.2,1P,47.9,23321277.59947082,122554169.14224662
C33,BDS,45.9,206.2,2I,48.6,23321279.084274948,121440050.57739586
C33,BDS,45.9,206.2,5P,47.0,23321303.716723107,91517843.82123753
C33,BDS,45.9,206.2,6I,48.1,23321290.37079658,98680048.48207895
C33,BDS,45.9,206.2,7D,46.1,23321302.276591536,93905257.64109027
C59,BDS,36.9,138.4,2I,45.1,37934528.363441356,197535097.69668576
C59,BDS,36.9,138.4,6I,39.2,37934512.728604674,160513404.9129673
C59,BDS,36.9,138.4,7D,45.7,37934515.23696877,152746635.25989163
C60,BDS,32.4,222.6,2I,39.5,38097799.2289045,198385286.00083652
C60,BDS,32.4,222.6,6I,40.5,38097781.2286559,161204247.0903706
C60,BDS,32.4,222.6,7D,39.9,38097783.17805462,153404055.7547534
E04,GAL,46.9,114.3,5Q,26.1,24722770.093982626,97018070.18263432
E04,GAL,46.9,114.3,6C,26.4,24722768.256265294,105454328.23643611
E04,GAL,46.9,114.3,7Q,30.7,24722770.47314096,99548942.1001973
E04,GAL,46.9,114.3,8Q,31.6,24722769.552327868,98283522.16369237
E06,GAL,38.7,149.6,1C,44.2,25338319.68929011,133154149.14344548
E06,GAL,38.7,149.6,5Q,44.2,25338321.650973786,99433513.89961712
E06,GAL,38.7,149.6,6C,42.6,25338317.684609093,108079723.1346485
E06,GAL,38.7,149.6,7Q,44.7,25338320.698889907,102027323.27934763
E06,GAL,38.7,149.6,8Q,47.4,25338320.359936878,100730415.1243299
E09,GAL,23.0,172.0,1C,41.4,26647634.372616243,140034407.15215018
E09,GAL,23.0,172.0,5Q,38.6,26647637.4706581,104571249.89174916
E09,GAL,23.0,172.0,6C,36.0,26647634.504400287,113664319.17951791
E09,GAL,23.0,172.0,7Q,42.5,26647636.89270689,107299179.07496583
E09,GAL,23.0,172.0,8Q,43.8,26647636.872604236,105935215.01395673
E16,GAL,12.1,197.7,5Q,27.6,27665126.806483954,108563753.33381645
E16,GAL,12.1,197.7,6C,30.1,27665122.106930915,118004084.5095174
E16,GAL,12.1,197.7,7Q,28.9,27665125.467982452,111395850.6251696
E16,GAL,12.1,197.7,8Q,31.1,27665125.59529924,109979805.99922767
E25,GAL,29.6,244.5,1C,33.2,26002386.945837464,136643463.43769553
E25,GAL,29.6,244.5,5Q,32.6,26002389.33526088,102038960.5471557
E25,GAL,29.6,244.5,6C,33.9,26002384.813839663,110911900.40103975
E25,GAL,29.6,244.5,7Q,32.0,26002388.103973515,104700840.08431122
E25,GAL,29.6,244.5,8Q,35.3,26002388.126309797,103369901.35696486
G05,GPS,59.8,266.4,1C,32.4,20906946.136570547,109866968.31067534
G05,GPS,59.8,266.4,1W,13.8,20906945.72558302,109866968.31067534
G05,GPS,59.8,266.4,2W,13.8,20906945.53069899,85610710.51829605
G09,GPS,10.1,37.8,1C,30.2,24479703.49602166,128641687.7374455
G09,GPS,10.1,37.8,1W,18.9,24479703.19727393,128641687.7374455
G09,GPS,10.1,37.8,2L,33.1,24479699.8691684,100240291.92732608
G09,GPS,10.1,37.8,2W,18.9,24479700.257261243,100240279.95020337
G09,GPS,10.1,37.8,5Q,37.5,24479701.037355777,96063611.38944338
G12,GPS,19.8,229.6,1C,40.7,24010251.781303287,126174722.14655097
G12,GPS,19.8,229.6,1W,29.6,24010251.142485715,126174722.14655097
G12,GPS,19.8,229.6,2L,33.8,24010249.939677108,98317961.1439895
G12,GPS,19.8,229.6,2W,29.6,24010250.2356328,98317955.12284432
G13,GPS,23.3,171.5,1C,41.4,23192466.332872782,121877371.12249587
G13,GPS,23.3,171.5,1W,22.2,23192465.635980885,121877371.12249587
G13,GPS,23.3,171.5,2W,22.2,23192466.44399577,94969409.34885329
G19,GPS,11.4,146.4,1C,41.1,24181255.29334856,127073480.87283026
G19,GPS,11.4,146.4,1W,25.4,24181253.867177166,127073480.87283026
G19,GPS,11.4,146.4,2W,25.4,24181255.649053797,99018124.14699309
R05,GLO,70.7,162.4,1C,40.2,19456127.26122706,104004398.32925802
R05,GLO,70.7,162.4,2C,40.0,19456133.143486056,80892469.86936879
R05,GLO,70.7,162.4,2P,37.4,19456132.422582664,80892162.87020044
R06,GLO,21.3,197.9,1C,48.9,22563097.718603656,120401151.46228622
R06,GLO,21.3,197.9,2C,47.5,22563105.156026058,93645492.8027453
R06,GLO,21.3,197.9,2P,47.5,22563104.605995197,93645402.82380998
R18,GLO,5.2,116.9,1C,36.2,24154052.3192283,128935995.71841042
R18,GLO,5.2,116.9,2C,37.5,24154062.46771653,100283583.33966693
R18,GLO,5.2,116.9,2P,36.4,24154060.550147,100283571.31174998
C01,BDS,35.1,132.6,2I,43.2,38215039.22093972,198995809.46207002
C01,BDS,35.1,132.6,6I,39.2,38215037.66298428,161700341.36100778
C01,BDS,35.1,132.6,7I,39.4,38215035.62759088,153876175.40345654
C02,BDS,33.3,216.9,2I,37.4,37732724.88204137,196484252.67442226
C02,BDS,33.3,216.9,6I,39.9,37732718.633467406,159659552.4555808
C02,BDS,33.3,216.9,7I,41.6,37732716.34790769,151934080.7621104
C03,BDS,44.1,181.4,2I,44.8,36958944.58301669,192454971.15905753
C03,BDS,44.1,181.4,6I,38.3,36958939.63943981,156385425.69895664
C03,BDS,44.1,181.4,7I,39.9,36958938.24844805,148818383.32229817
C08,BDS,66.0,263.7,2I,27.9,36658278.00424241,190889337.6764984
C08,BDS,66.0,263.7,6I,24.8,36658269.55386977,155113216.36636603
C13,BDS,57.8,254.2,2I,32.6,37037566.44188,192864422.15553504
C13,BDS,57.8,254.2,6I,31.7,37037566.156534046,156718162.6494309
C13,BDS,57.8,254.2,7I,27.8,37037567.29010019,149135035.72014314
C33,BDS,45.9,206.2,1P,47.9,23320869.93837292,122552026.22093852
C33,BDS,45.9,206.2,2I,48.7,23320871.413125724,121437927.13428277
C33,BDS,45.9,206.2,5P,47.0,23320895.933334082,91516243.59217578
C33,BDS,45.9,206.2,6I,48.0,23320882.581265077,98678323.00942951
C33,BDS,45.9,206.2,7D,45.9,23320894.513305165,93903615.66579834
C59,BDS,36.9,138.4,2I,45.2,37934575.05631518,197535340.82710177
C59,BDS,36.9,138.4,6I,39.1,37934559.44381477,160513602.48756927
C59,BDS,36.9,138.4,7D,45.6,37934561.92481693,152746823.26937318
C60,BDS,32.5,222.6,2I,39.5,38097847.78629919,198385538.7581574
C60,BDS,32.5,222.6,6I,40.4,38097829.7949851,161204452.4823051
C60,BDS,32.5,222.6,7D,39.6,38097831.75331833,153404251.19094276
E04,GAL,46.9,114.3,5Q,26.1,24722570.15078378,97017287.52215263
E04,GAL,46.9,114.3,6C,26.6,24722569.658827245,105453477.51197113
E04,GAL,46.9,114.3,7Q,30.5,24722571.068804838,99548139.03766288
E04,GAL,46.9,114.3,8Q,31.5,24722570.091034237,98282729.30680509
E06,GAL,38.7,149.6,1C,44.2,25337916.594844393,133152030.7057078
E06,GAL,38.7,149.6,5Q,44.2,25337918.515764363,99431931.94497584
E06,GAL,38.7,149.6,6C,42.7,25337914.53153065,108078003.62349778
E06,GAL,38.7,149.6,7Q,44.6,25337917.55530438,102025700.0625077
E06,GAL,38.7,149.6,8Q,47.4,25337917.234220374,100728812.53660761
E09,GAL,23.0,172.0,1C,41.8,26647119.12659833,140031699.75814295
E09,GAL,23.0,172.0,5Q,38.8,26647122.215147268,104569228.15017973
E09,GAL,23.0,172.0,6C,36.1,26647119.0601479,113662121.64267024
E09,GAL,23.0,172.0,7Q,42.6,26647121.67684295,107297104.58893928
E09,GAL,23.0,172.0,8Q,43.9,26647121.66567481,105933166.8996252
E16,GAL,12.1,197.7,5Q,26.9,27665731.665093638,108566125.10575424
E16,GAL,12.1,197.7,6C,29.6,27665726.39429027,118006662.52785246
E16,GAL,12.1,197.7,7Q,29.2,27665729.71234447,111398284.32169583
E16,GAL,12.1,197.7,8Q,31.1,27665729.98875592,109982208.74172948
E25,GAL,29.6,244.5,1C,32.9,26002831.28142978,136645800.63342777
E25,GAL,29.6,244.5,5Q,32.4,26002834.03437613,102040705.83648306
E25,GAL,29.6,244.5,6C,33.7,26002829.557627473,110913797.487407
E25,GAL,29.6,244.5,7Q,31.9,26002832.90025158,104702630.93777673
E25,GAL,29.6,244.5,8Q,35.2,26002832.896342732,103371669.42591989
G05,GPS,59.8,266.4,1C,32.6,20906776.905754924,109866076.73280992
G05,GPS,59.8,266.4,1W,13.8,20906776.50370191,109866076.73280992
G05,GPS,59.8,266.4,2W,13.8,20906775.877169292,85610015.79087171
G09,GPS,10.1,37.8,1C,29.8,24480337.725721024,128638273.88671874
G09,GPS,10.1,37.8,2L,33.0,24480334.1011014,100242886.23658977
G09,GPS,10.1,37.8,5Q,37.6,24480334.555086263,96066097.61727908
G12,GPS,19.8,229.6,1C,40.6,24010859.04441337,126177913.68933427
G12,GPS,19.8,229.6,1W,29.6,24010858.410063054,126177913.68933427
G12,GPS,19.8,229.6,2L,33.6,24010857.050900493,98320448.05587083
G12,GPS,19.8,229.6,2W,29.6,24010857.60260658,98320442.03872716
G13,GPS,23.3,171.5,1C,41.6,23191815.78093775,121873951.60755002
G13,GPS,23.3,171.5,1W,22.2,23191815.087954704,121873951.60755002
G13,GPS,23.3,171.5,2W,22.2,23191815.783171378,94966744.80147062
G19,GPS,11.4,146.4,1C,41.1,24182052.266291395,127077669.41794017
G19,GPS,11.4,146.4,1W,25.4,24182050.83676956,127077669.41794017
G19,GPS,11.4,146.4,2W,25.4,24182052.71134175,99021387.91979514
R05,GLO,70.7,162.4,1C,39.6,19455912.584460374,104003246.93959393
R05,GLO,70.7,162.4,2C,39.1,19455917.48671514,80891574.34871784
R05,GLO,70.7,162.4,2P,37.4,19455916.944501977,80891267.35245156
R06,GLO,21.3,197.9,1C,49.0,22562367.87343762,120397255.96129356
R06,GLO,21.3,197.9,2C,47.5,22562375.25222729,93642462.98022787
R06,GLO,21.3,197.9,2P,47.1,22562374.58269734,93642372.98912518
R18,GLO,5.2,116.9,1C,36.4,24154686.03798529,128939378.39716934
R18,GLO,5.2,116.9,2C,38.8,24154696.39866817,100286214.27841805
R18,GLO,5.2,116.9,2P,37.0,24154694.944018018,100286202.30904096
C01,BDS,35.1,132.6,2I,43.2,38215095.102958605,198996100.21960428
C01,BDS,35.1,132.6,6I,39.4,38215093.464034155,161700577.61114454
C01,BDS,35.1,132.6,7I,39.5,38215091.46493721,153876400.2412471
C02,BDS,33.3,216.9,2I,37.5,37732766.920034714,196484472.1457545
C02,BDS,33.3,216.9,6I,40.1,37732760.89035628,159659730.7869275
C02,BDS,33.3,216.9,7I,41.8,37732758.399302796,151934250.47070426
C03,BDS,44.1,181.4,2I,44.8,36958996.448972665,192455241.02207193
C03,BDS,44.1,181.4,6I,38.6,36958991.46128163,156385644.96822158
C03,BDS,44.1,181.4,7I,39.9,36958990.07475713,148818591.9885054
C08,BDS,66.0,263.7,2I,28.2,36658337.672818944,190889648.81315002
C08,BDS,66.0,263.7,6I,24.8,36658329.076143675,155113469.1124093
C13,BDS,57.8,254.2,2I,32.5,37037607.751152255,192864637.53999427
C13,BDS,57.8,254.2,6I,31.9,37037607.88237789,156718337.61910015
C13,BDS,57.8,254.2,7I,28.1,37037608.406163625,149135202.19711852
C33,BDS,45.9,206.2,1P,47.9,23320462.306312185,122549883.78234719
C33,BDS,45.9,206.2,2I,48.8,23320463.7419765,121435804.17313284
C33,BDS,45.9,206.2,5P,47.1,23320488.237614952,91514643.7202974
C33,BDS,45.9,206.2,6I,48.2,23320474.911791075,98676597.93432164
C33,BDS,45.9,206.2,7D,46.1,23320486.831546206,93901974.05700758
C59,BDS,36.9,138.4,2I,45.3,37934621.873713754,197535584.0905483
C59,BDS,36.9,138.4,6I,39.3,37934606.136130184,160513800.15254843
C59,BDS,36.9,138.4,7D,45.6,37934608.622158006,152747011.37497696
C60,BDS,32.5,222.6,2I,39.8,38097896.22754523,198385791.62233886
C60,BDS,32.5,222.6,6I,40.6,38097878.401519604,161204657.95811903
C60,BDS,32.5,222.6,7D,39.8,38097880.29675285,153404446.73112404
E04,GAL,46.9,114.3,5Q,25.9,24722370.484554794,97016505.17612377
E04,GAL,46.9,114.3,6C,26.4,24722369.42637359,105452627.19242191
E04,GAL,46.9,114.3,7Q,30.5,24722371.79290232,99547336.34556442
E04,GAL,46.9,114.3,8Q,31.3,24722370.73751315,98281936.80399048
E06,GAL,38.7,149.6,1C,44.4,25337513.630507503,133149912.62230475
E06,GAL,38.7,149.6,5Q,44.2,25337515.44812218,99430350.26424816
E06,GAL,38.7,149.6,6C,42.8,25337511.45942121,108076284.40472007
E06,GAL,38.7,149.6,7Q,44.7,25337514.471468393,102024077.11998151
E06,GAL,38.7,149.6,8Q,47.5,25337514.184447214,100727210.22692664
E09,GAL,23.0,172.0,1C,41.6,26646603.997845873,140028992.5673463
E09,GAL,23.0,172.0,5Q,38.8,26646607.124924894,104567206.54940188
E09,GAL,23.0,172.0,6C,35.9,26646603.790676888,113659924.23563382
E09,GAL,23.0,172.0,7Q,42.8,26646606.479964845,107295030.25131196
E09,GAL,23.0,172.0,8Q,44.0,26646606.46767989,105931118.93291643
E16,GAL,12.1,197.7,5Q,27.1,27666335.982606966,108568496.89193554
E16,GAL,12.1,197.7,6C,29.2,27666330.675507147,118009240.59442012
E16,GAL,12.1,197.7,7Q,29.4,27666333.985185243,111400717.99011613
E16,GAL,12.1,197.7,8Q,31.2,27666334.382212598,109984611.48700617
E25,GAL,29.6,244.5,1C,33.0,26003276.145275086,136648138.24805248
E25,GAL,29.6,244.5,5Q,32.3,26003278.774813496,102042451.4594372
E25,GAL,29.6,244.5,6C,34.1,26003274.654328484,110915694.88162933
E25,GAL,29.6,244.5,7Q,32.5,26003277.652973898,104704422.06892872
E25,GAL,29.6,244.5,8Q,35.4,26003277.728917245,103373437.79955497
G05,GPS,59.8,266.4,1C,33.1,20906607.21313674,109865185.66773935
G05,GPS,59.8,266.4,1W,13.9,20906606.823927086,109865185.66773935
G05,GPS,59.8,266.4,2W,13.9,20906606.30014135,85609321.43844701
G09,GPS,10.1,37.8,1C,29.5,24480971.67789213,128642889.37499999
G09,GPS,10.1,37.8,2L,33.0,24480968.19566628,100245480.92142473
G09,GPS,10.1,37.8,5Q,37.4,24480968.174446814,96068584.20065464
G12,GPS,19.8,229.6,1C,40.8,24011466.604037553,126181105.49988595
G12,GPS,19.8,229.6,1W,29.6,24011465.970245644,126181105.49988595
G12,GPS,19.8,229.6,2L,33.3,24011464.50889461,98322935.16211173
G12,GPS,19.8,229.6,2W,29.6,24011464.978514872,98322929.1649757
G13,GPS,23.3,171.5,1C,41.6,23191164.997263823,121870532.33249536
G13,GPS,23.3,171.5,1W,22.2,23191164.304280777,121870532.33249536
G13,GPS,23.3,171.5,2W,22.2,23191165.16199388,94964080.43244144
G19,GPS,11.4,146.4,1C,41.3,24182849.425742164,127081858.22054793
G19,GPS,11.4,146.4,1W,25.4,24182848.000129174,127081858.22054793
G19,GPS,11.4,146.4,2W,25.4,24182849.867442075,99024651.90010461
R05,GLO,70.7,162.4,1C,39.1,19455697.779260084,104002096.54020533
R05,GLO,70.7,162.4,2C,38.9,19455701.971221194,80890679.59653991
R05,GLO,70.7,162.4,2P,37.7,19455701.867915902,80890372.60143447
R06,GLO,21.3,197.9,1C,49.1,22561638.1896512,120393360.85065036
R06,GLO,21.3,197.9,2C,47.7,22561645.304314375,93639433.46537136
R06,GLO,21.3,197.9,2P,47.4,22561644.670522466,93639343.48006266
R18,GLO,5.2,116.9,1C,37.1,24155319.888526328,128942761.44405885
R18,GLO,5.2,116.9,2C,38.9,24155330.536788795,100288845.55159995
R18,GLO,5.2,116.9,2P,37.8,24155329.404339463,100288833.55961837
C01,BDS,35.1,132.6,2I,43.1,38215150.99335359,198996390.9473339
C01,BDS,35.1,132.6,6I,39.2,38215149.386258334,161700813.85301146
C01,BDS,35.1,132.6,7I,39.6,38215147.33802158,153876625.06273618
C02,BDS,33.3,216.9,2I,37.0,37732808.921731606,196484691.61054426
C02,BDS,33.3,216.9,6I,40.1,37732802.99033279,159659909.1117765
C02,BDS,33.3,216.9,7I,41.7,37732800.53948461,151934420.1601861
C03,BDS,44.1,181.4,2I,44.6,36959048.36909411,192455510.86909354
C03,BDS,44.1,181.4,6I,38.7,36959043.23342523,156385864.24811918
C03,BDS,44.1,181.4,7I,39.9,36959041.922844075,148818800.6631444
C08,BDS,66.0,263.7,2I,28.1,36658397.91655465,190889960.0901016
C08,BDS,66.0,263.7,6I,26.1,36658388.76649808,155113721.94528556
C13,BDS,57.8,254.2,2I,32.6,37037649.20784394,192864852.90264523
C13,BDS,57.8,254.2,6I,31.4,37037649.13748466,156718512.64606738
C13,BDS,57.8,254.2,7I,28.1,37037649.31840852,149135368.77977216
C33,BDS,45.9,206.2,1P,47.6,23320054.678718705,122547741.69735685
C33,BDS,45.9,206.2,2I,48.6,23320056.11773346,121433681.56673105
C33,BDS,45.9,206.2,5P,47.0,23320080.59773652,91513044.12397608
C33,BDS,45.9,206.2,6I,48.2,23320067.326078117,98674873.14629428
C33,BDS,45.9,206.2,7D,46.1,23320079.20674476,93900332.73096235
C59,BDS,36.9,138.4,2I,45.1,37934668.67826898,197535827.3198285
C59,BDS,36.9,138.4,6I,39.4,37934652.91388187,160513997.7909461
C59,BDS,36.9,138.4,7D,45.6,37934655.33290085,152747199.46540353
C60,BDS,32.5,222.6,2I,39.7,38097944.6548311,198386044.48433954
C60,BDS,32.5,222.6,6I,40.5,38097926.93211076,161204863.42743528
C60,BDS,32.5,222.6,7D,40.0,38097928.8675493,153404642.25669026
E04,GAL,46.9,114.3,5Q,26.7,24722171.44932568,97015723.2360349
E04,GAL,46.9,114.3,6C,26.4,24722170.421856858,105451777.15929107
E04,GAL,46.9,114.3,7Q,30.6,24722172.32379099,99546533.9513887
E04,GAL,46.9,114.3,8Q,31.8,24722171.504049562,98281144.61917529
E06,GAL,38.7,149.6,1C,44.1,25337110.575150274,133147794.78686258
E06,GAL,38.7,149.6,5Q,44.2,25337112.42236052,99428768.76046868
E06,GAL,38.7,149.6,6C,42.8,25337108.444269285,108074565.38125466
E06,GAL,38.7,149.6,7Q,44.7,25337111.456316467,102022454.36688924
E06,GAL,38.7,149.6,8Q,47.4,25337111.175437763,100725608.09927678
E09,GAL,23.0,172.0,1C,41.5,26646088.76969698,140026285.40809497
E09,GAL,23.0,172.0,5Q,38.7,26646091.985562705,104565184.98094586
E09,GAL,23.0,172.0,6C,36.2,26646088.634562492,113657726.8732572
E09,GAL,23.0,172.0,7Q,42.7,26646091.323292043,107292955.94066632
E09,GAL,23.0,172.0,8Q,44.0,26646091.292021252,105929070.99229138
E16,GAL,12.1,197.7,5Q,26.9,27666940.34981852,108570868.66880378
E16,GAL,12.1,197.7,6C,29.7,27666935.096884172,118011818.58595927
E16,GAL,12.1,197.7,7Q,29.1,27666938.31833397,111403151.5927686
E16,GAL,12.1,197.7,8Q,31.1,27666938.81196573,109987014.1540317
E25,GAL,29.6,244.5,1C,32.6,26003720.99627703,136650476.08496162
E25,GAL,29.6,244.5,5Q,32.7,26003723.792779125,102044197.27358307
E25,GAL,29.6,244.5,6C,33.9,26003719.550002985,110917592.50450997
E25,GAL,29.6,244.5,7Q,32.6,26003722.40011215,104706213.4114372
E25,GAL,29.6,244.5,8Q,35.7,26003722.557024505,103375206.37908497
G05,GPS,59.8,266.5,1C,33.9,20906268.667186044,109863404.56905685
G05,GPS,59.8,266.5,1W,13.8,20906268.27015869,109863404.56905685
G05,GPS,59.8,266.5,2W,13.8,20906267.377824355,85607933.57105869
G09,GPS,10.1,37.8,1C,30.1,24482239.948549308,128655007.39543648
G09,GPS,10.1,37.8,1W,17.6,24482239.61350513,128655007.39543648
G09,GPS,10.1,37.8,2L,34.1,24482235.13061399,100250670.88789287
G09,GPS,10.1,37.8,2W,17.6,24482237.434042733,100250669.84521092
G09,GPS,10.1,37.8,5Q,37.2,24482235.65719176,96073557.89879817
G12,GPS,19.8,229.6,1C,41.2,24012681.18833205,126187489.3462083
G12,GPS,19.8,229.6,1W,29.4,24012680.55844899,126187489.3462083
G12,GPS,19.8,229.6,2L,34.1,24012679.30761738,98327909.58896075
G12,GPS,19.8,229.6,2W,29.4,24012679.793431446,98327903.58782317
G13,GPS,23.3,171.5,1C,41.9,23189864.008425597,121863693.92177232
G13,GPS,23.3,171.5,1W,22.2,23189863.31544255,121863693.92177232
G13,GPS,23.3,171.5,2W,22.2,23189863.758817684,94958751.8041391
G19,GPS,11.4,146.4,1C,41.5,24184443.558694176,127090235.97908837
G19,GPS,11.4,146.4,1W,25.3,24184442.128613934,127090235.97908837
G19,GPS,11.4,146.4,2W,25.3,24184444.157864854,99031179.97219451
R05,GLO,70.7,162.4,1C,39.2,19455483.017057132,104000946.99378197
R05,GLO,70.7,162.4,2C,38.8,19455486.79300505,80889785.50023396
R05,GLO,70.7,162.4,2P,37.9,19455486.715944886,80889478.52544315
R06,GLO,21.3,197.9,1C,49.0,22560908.445556827,120389466.00967596
R06,GLO,21.3,197.9,2C,47.6,22560915.483718246,93636404.1538839
R06,GLO,21.3,197.9,2P,47.2,22560914.745504234,93636314.1685752
R18,GLO,5.2,116.9,1C,37.2,24155954.330420345,128946144.71823546
R18,GLO,5.2,116.9,2C,39.9,24155964.837964255,100291476.92737155
R18,GLO,5.2,116.9,2P,38.1,24155964.213665266,100291464.94872083
C01,BDS,35.1,132.6,2I,43.4,38215206.879839726,198996681.47660813
C01,BDS,35.1,132.6,6I,39.4,38215205.138168395,161701049.90821698
C01,BDS,35.1,132.6,7I,39.6,38215203.21948206,153876849.7105307
C02,BDS,33.3,216.9,2I,37.5,37732850.807838246,196484910.8230848
C02,BDS,33.3,216.9,6I,40.2,37732845.117671244,159660087.25646177
C02,BDS,33.3,216.9,7I,41.7,37732842.67129032,151934589.68777785
C03,BDS,44.1,181.4,2I,44.9,36959100.17753416,192455780.51547894
C03,BDS,44.1,181.4,6I,38.4,36959095.050799794,156386083.3620299
C03,BDS,44.1,181.4,7I,39.9,36959093.80276022,148819009.16802374
C08,BDS,66.0,263.7,2I,28.1,36658456.97702599,190890271.1816828
C08,BDS,66.0,263.7,6I,25.1,36658447.99951717,155113974.82541785
C13,BDS,57.8,254.2,2I,32.8,37037690.54782857,192865068.2340376
C13,BDS,57.8,254.2,6I,31.4,37037690.13739945,156718687.60687616
C13,BDS,57.8,254.2,7I,27.4,37037690.09272689,149135535.28766406
C33,BDS,45.9,206.3,1P,47.8,23319647.089655306,122545599.78769988
C33,BDS,45.9,206.3,2I,48.8,23319648.509125818,121431559.1253453
C33,BDS,45.9,206.3,5P,47.1,23319672.953390826,91511444.63941154
C33,BDS,45.9,206.3,6I,48.2,23319659.762701437,98673148.48822105
C33,BDS,45.9,206.3,7D,46.1,23319671.576917652,93898691.52858315
C59,BDS,36.9,138.4,2I,45.3,37934715.384544566,197536070.34774557
C59,BDS,36.9,138.4,6I,39.3,37934699.62015746,160514195.26394758
C59,BDS,36.9,138.4,7D,45.7,37934702.00734725,152747387.38044915
C60,BDS,32.5,222.6,2I,39.8,38097993.24796383,198386297.13189203
C60,BDS,32.5,222.6,6I,40.4,38097975.53864525,161205068.71776924
C60,BDS,32.5,222.6,7D,39.8,38097977.496420085,153404837.6158694
E04,GAL,46.9,114.3,5Q,26.1,24721972.55872397,97014941.42194627
E04,GAL,46.9,114.3,6C,26.3,24721971.207937516,105450927.37685072
E04,GAL,46.9,114.3,7Q,30.9,24721973.130532704,99545731.72247581
E04,GAL,46.9,114.3,8Q,31.8,24721972.271144383,98280352.59363727
E06,GAL,38.7,149.6,1C,44.2,25336707.574516926,133145676.97929767
E06,GAL,38.7,149.6,5Q,44.3,25336709.441271417,99427187.28408055
E06,GAL,38.7,149.6,6C,42.7,25336705.446986377,108072846.3887534
E06,GAL,38.7,149.6,7Q,44.7,25336708.430554807,102020831.6306605
E06,GAL,38.7,149.6,8Q,47.4,25336708.16140265,100724005.9921609
E09,GAL,23.0,172.0,1C,41.8,26645573.65434629,140023578.10799015
E09,GAL,23.0,172.0,5Q,38.6,26645576.712182846,104563163.29635043
E09,GAL,23.0,172.0,6C,36.3,26645573.32097733,113655529.38226028
E09,GAL,23.0,172.0,7Q,42.7,26645576.16606083,107290881.527153
E09,GAL,23.0,172.0,8Q,43.9,26645576.107986506,105927022.94511154
E16,GAL,12.1,197.7,5Q,27.5,27667544.323353156,108573240.14655836
E16,GAL,12.1,197.7,6C,29.2,27667539.5741019,118014396.34348091
E16,GAL,12.1,197.7,7Q,29.3,27667542.891039286,111405584.95708288
E16,GAL,12.1,197.7,8Q,31.4,27667543.106584374,109989416.58463879
E25,GAL,29.6,244.5,1C,32.4,26004165.339128636,136652814.03704792
E25,GAL,29.6,244.5,5Q,32.4,26004168.986084543,102045943.12278984
E25,GAL,29.6,244.5,6C,33.9,26004164.107841272,110919490.17383683
E25,GAL,29.6,244.5,7Q,32.4,26004167.199740652,104708004.83320437
E25,GAL,29.6,244.5,8Q,35.4,26004167.452140603,103376975.01522222
G05,GPS,59.8,266.5,1C,34.0,20906099.779790707,109862514.61834307
G05,GPS,59.8,266.5,1W,13.8,20906099.386672202,109862514.61834307
G05,GPS,59.8,266.5,2W,13.8,20906098.019691944,85607240.11497459
G09,GPS,10.1,37.8,1C,30.9,24482873.98224783,128658338.09709999
G09,GPS,10.1,37.8,1W,17.6,24482873.65613816,128658338.09709999
G09,GPS,10.1,37.8,2L,34.4,24482869.02861962,100253266.25412962
G09,GPS,10.1,37.8,2W,17.6,24482871.129905038,100253265.20630288
G09,GPS,10.1,37.8,5Q,37.4,24482869.362546988,96076045.14833161
G12,GPS,19.8,229.5,1C,41.4,24013288.536319993,126190681.50082406
G12,GPS,19.8,229.5,1W,29.4,24013287.91034578,126190681.50082406
G12,GPS,19.8,229.5,2L,34.0,24013287.215687517,98330396.99874556
G12,GPS,19.8,229.5,2W,29.4,24013287.214012295,98330390.9787437
G13,GPS,23.3,171.5,1C,41.8,23189213.498371087,121860274.89394493
G13,GPS,23.3,171.5,1W,22.2,23189212.810413703,121860274.89394493
G13,GPS,23.3,171.5,2W,22.2,23189213.124238417,94956087.63004112
G19,GPS,11.4,146.4,1C,41.2,24185240.430006947,127094425.06927206
G19,GPS,11.4,146.4,1W,25.4,24185238.999926705,127094425.06927206
G19,GPS,11.4,146.4,2W,25.4,24185241.31396518,99034444.1760175
R05,GLO,70.7,162.4,1C,39.2,19455267.72827641,103999798.10779104
R05,GLO,70.7,162.4,2C,38.8,19455271.458434954,80888891.92108017
R05,GLO,70.7,162.4,2P,38.0,19455271.907952566,80888584.92597474
R06,GLO,21.3,197.9,1C,48.9,22560178.67689255,120385571.21786776
R06,GLO,21.3,197.9,2C,47.6,22560185.50174251,93633374.8904866
R06,GLO,21.3,197.9,2P,47.2,22560184.8199276,93633284.8976457
R18,GLO,5.2,116.9,1C,38.4,24156588.632712618,128949527.98719563
R18,GLO,5.2,116.9,2C,39.1,24156598.951514974,100294108.36168304
R18,GLO,5.2,116.9,2P,38.4,24156598.78622651,100294096.36274622
C01,BDS,35.1,132.6,2I,43.1,38215262.721653305,198996972.0945693
C01,BDS,35.1,132.6,6I,39.4,38215260.88170235,161701286.06443232
C01,BDS,35.1,132.6,7I,39.5,38215259.07916466,153877074.42634156
C02,BDS,33.3,216.9,2I,37.2,37732893.00609439,196485130.15120932
C02,BDS,33.3,216.9,6I,40.0,37732887.30755128,159660265.47380325
C02,BDS,33.3,216.9,7I,41.8,37732884.74055445,151934759.2867587
C03,BDS,44.1,181.4,2I,44.8,36959151.96754678,192456050.25491297
C03,BDS,44.1,181.4,6I,38.4,36959146.912846915,156386302.54268974
C03,BDS,44.1,181.4,7I,39.8,36959145.59333125,148819217.7622798
C08,BDS,66.0,263.7,2I,28.3,36658515.79849915,190890582.46008834
C08,BDS,66.0,263.7,6I,24.9,36658508.26391394,155114227.77111796
C13,BDS,57.8,254.2,2I,32.5,37037732.013454765,192865283.69700664
C13,BDS,57.8,254.2,6I,31.6,37037731.23559386,156718862.69586694
C13,BDS,57.8,254.2,7I,27.7,37037731.58627344,149135701.8770631
C33,BDS,45.9,206.3,1P,47.7,23319239.544706058,122543458.35195628
C33,BDS,45.9,206.3,2I,48.6,23319240.95468365,121429437.16010715
C33,BDS,45.9,206.3,5P,47.1,23319265.47098316,91509845.52189122
C33,BDS,45.9,206.3,6I,48.2,23319252.199883163,98671424.21941955
C33,BDS,45.9,206.3,7D,45.9,23319264.0878091,93897050.68989456
C59,BDS,36.9,138.4,2I,45.2,37934762.01934406,197536313.47743464
C59,BDS,36.9,138.4,6I,39.2,37934746.31694013,160514392.83854952
C59,BDS,36.9,138.4,7D,45.5,37934748.67341753,152747575.3843095
C60,BDS,32.5,222.6,2I,39.6,38098041.671340846,198386549.86813158
C60,BDS,32.5,222.6,6I,40.6,38098024.07817092,161205274.10025248
C60,BDS,32.5,222.6,7D,39.7,38098026.004674956,153405033.05149665
E04,GAL,46.9,114.3,5Q,25.9,24721574.321860462,97013378.8762756
E04,GAL,46.9,114.3,6C,26.3,24721573.436227012,105449229.00408971
E04,GAL,46.9,114.3,7Q,31.1,24721574.745132945,99544128.42542441
E04,GAL,46.9,114.3,8Q,31.7,24721574.1403782,98278769.67970048
E06,GAL,38.7,149.6,1C,44.2,25335901.578275897,133141442.43304071
E06,GAL,38.7,149.6,5Q,44.3,25335903.62092858,99424025.13496682
E06,GAL,38.7,149.6,6C,42.9,25335899.598723195,108069409.26836511
E06,GAL,38.7,149.6,7Q,44.8,25335902.641482763,102017586.98564127
E06,GAL,38.7,149.6,8Q,47.6,25335902.357253615,100720802.59429412
E09,GAL,23.0,172.0,1C,41.9,26644543.21480071,140018164.03084585
E09,GAL,23.0,172.0,5Q,38.7,26644546.463054042,104559120.31611694
E09,GAL,23.0,172.0,6C,36.1,26644543.145558245,113651134.83733729
E09,GAL,23.0,172.0,7Q,42.7,26644545.838755053,107286733.09248503
E09,GAL,23.0,172.0,8Q,44.0,26644545.823678065,105922927.2397878
E16,GAL,12.1,197.7,5Q,26.7,27668752.915382482,108577983.22149386
E16,GAL,12.1,197.7,6C,29.1,27668748.023737445,118019551.84006482
E16,GAL,12.1,197.7,7Q,30.0,27668751.847149953,111410451.79982144
E16,GAL,12.1,197.7,8Q,31.4,27668751.786283594,109994221.54019839
E25,GAL,29.6,244.5,1C,32.2,26005055.051742256,136657490.9609413
E25,GAL,29.6,244.5,5Q,32.6,26005059.195680365,102049435.65499644
E25,GAL,29.6,244.5,6C,33.9,26005054.47099901,110923286.37710482
E25,GAL,29.6,244.5,7Q,32.4,26005057.189882535,104711588.43784699
E25,GAL,29.6,244.5,8Q,35.4,26005057.479137346,103380513.08832239
G05,GPS,59.8,266.5,1C,34.2,20905930.728223722,109861625.18996112
G05,GPS,59.8,266.5,1W,13.4,20905930.335105218,109861625.18996112
G05,GPS,59.8,266.5,2W,13.4,20905928.71963386,85606547.0458947
G09,GPS,10.1,37.8,1C,30.4,24483508.534706425,128661669.27781224
G09,GPS,10.1,37.8,1W,17.4,24483508.230933037,128661669.27781224
G09,GPS,10.1,37.8,2L,34.7,24483503.10364026,100255861.96106726
G09,GPS,10.1,37.8,2W,17.4,24483504.897243436,100255860.91152559
G09,GPS,10.1,37.8,5Q,37.3,24483503.159480955,96078532.70081352
G12,GPS,19.8,229.5,1C,41.6,24013896.126656562,126193873.92467551
G12,GPS,19.8,229.5,1W,29.5,24013895.505708013,126193873.92467551
G12,GPS,19.8,229.5,2L,34.1,24013894.90430371,98332884.60803479
G12,GPS,19.8,229.5,2W,29.5,24013894.69266747,98332878.57717164
G13,GPS,23.3,171.5,1C,42.0,23188562.93917676,121856856.09427093
G13,GPS,23.3,171.5,1W,22.1,23188562.251219377,121856856.09427093
G13,GPS,23.3,171.5,2W,22.1,23188562.449453853,94953423.63201006
G19,GPS,11.4,146.4,1C,41.2,24186037.61458603,127098614.38907638
G19,GPS,11.4,146.4,1W,25.5,24186036.184505787,127098614.38907638
G19,GPS,11.4,146.4,2W,25.5,24186038.505803548,99037708.55362082
R05,GLO,70.7,162.4,1C,40.1,19454837.791766167,103997503.08873029
R05,GLO,70.7,162.4,2C,38.2,19454841.861436144,80887106.9242481
R05,GLO,70.7,162.4,2P,37.6,19454842.659399703,80886799.90882803
R06,GLO,21.4,197.9,1C,48.7,22558719.24957016,120377782.78667608
R06,GLO,21.4,197.9,2C,47.4,22558725.99680155,93627317.2385845
R06,GLO,21.4,197.9,2P,47.4,22558725.287066296,93627227.26022857
R18,GLO,5.2,117.0,1C,39.6,24157858.00678196,128956295.44395196
R18,GLO,5.2,117.0,2C,38.1,24157867.416497774,100299371.92640893
R18,GLO,5.2,117.0,2P,37.3,24157867.224405777,100299359.90312879
C01,BDS,35.1,132.6,2I,43.2,38215318.460161604,198997262.82302585
C01,BDS,35.1,132.6,6I,39.4,38215316.73245044,161701522.30748063
C01,BDS,35.1,132.6,7I,39.6,38215314.83610038,153877299.2365883
C02,BDS,33.3,216.9,2I,37.2,37732935.32999209,196485349.59346384
C02,BDS,33.3,216.9,6I,40.2,37732929.376257,159660443.78683823
C02,BDS,33.3,216.9,7I,41.8,37732926.99241766,151934928.97005722
C03,BDS,44.1,181.4,2I,44.8,36959203.78492135,192456320.09539214
C03,BDS,44.1,181.4,6I,38.6,36959198.662654236,156386521.80368492
C03,BDS,44.1,181.4,7I,39.9,36959197.19571913,148819426.41836894
C08,BDS,66.0,263.7,2I,28.6,36658574.874605894,190890894.00310102
C08,BDS,66.0,263.7,6I,25.1,36658568.294896595,155114480.90643296
C13,BDS,57.8,254.2,2I,32.2,37037773.29089782,192865499.3424384
C13,BDS,57.8,254.2,6I,32.2,37037772.55547584,156719037.94021198
C13,BDS,57.8,254.2,7I,27.4,37037772.447703294,149135868.61879623
C33,BDS,45.9,206.3,1P,47.8,23318832.05057184,122541317.38352358
C33,BDS,45.9,206.3,2I,48.6,23318833.45552377,121427315.65720469
C33,BDS,45.9,206.3,5P,47.0,23318858.062285207,91508246.74895422
C33,BDS,45.9,206.3,6I,48.2,23318844.758239206,98669700.32984787
C33,BDS,45.9,206.3,7D,46.0,23318856.674643893,93895410.21208593
C59,BDS,36.9,138.4,2I,45.2,37934808.7295285,197536556.70017236
C59,BDS,36.9,138.4,6I,39.3,37934793.014281206,160514590.46926808
C59,BDS,36.9,138.4,7D,45.5,37934795.37522587,152747763.4550619
C60,BDS,32.5,222.6,2I,39.8,38098090.1304559,198386802.7163203
C60,BDS,32.5,222.6,6I,40.6,38098072.57693288,161205479.56602448
C60,BDS,32.5,222.6,7D,39.8,38098074.56206965,153405228.5686311
E04,GAL,46.9,114.3,5Q,26.4,24721375.44521893,97012598.22522417
E04,GAL,46.9,114.3,6C,26.6,24721374.16479175,105448380.45723791
E04,GAL,46.9,114.3,7Q,30.6,24721375.707670204,99543327.44891123
E04,GAL,46.9,114.3,8Q,31.8,24721375.21124641,98277978.87232774
E06,GAL,38.8,149.6,1C,44.1,25335498.579876177,133139325.74423428
E06,GAL,38.8,149.6,5Q,44.3,25335500.82746422,99422444.48853694
E06,GAL,38.8,149.6,6C,42.9,25335496.771196008,108067691.1744196
E06,GAL,38.8,149.6,7Q,44.7,25335499.874821935,102015965.09989762
E06,GAL,38.8,149.6,8Q,47.5,25335499.557646777,100719201.32907195
E09,GAL,23.0,172.0,1C,41.9,26644028.2820491,140015457.29708955
E09,GAL,23.0,172.0,5Q,38.8,26644031.45491749,104557099.06868766
E09,GAL,23.0,172.0,6C,36.1,26644028.106150907,113648937.82747559
E09,GAL,23.0,172.0,7Q,42.6,26644030.72452118,107284659.08931813
E09,GAL,23.0,172.0,8Q,44.0,26644030.750766307,105920879.61105746
E16,GAL,12.1,197.7,5Q,26.9,27669357.16197813,108580354.8334661
E16,GAL,12.1,197.7,6C,29.3,27669352.37754723,118022129.72799316
E16,GAL,12.1,197.7,7Q,29.1,27669356.260709282,111412885.24957769
E16,GAL,12.1,197.7,8Q,30.9,27669356.23334734,109996624.06737077
E25,GAL,29.6,244.5,1C,32.1,26005500.05853975,136659830.06333137
E25,GAL,29.6,244.5,5Q,32.8,26005504.294615004,102051182.36210066
E25,GAL,29.6,244.5,6C,33.8,26005499.491756674,110925184.97118783
E25,GAL,29.6,244.5,7Q,32.2,26005502.31562071,104713380.74495059
E25,GAL,29.6,244.5,8Q,35.6,26005502.616043657,103382282.59243706
G05,GPS,59.8,266.5,1C,34.4,20905761.916771732,109860736.3580058
G05,GPS,59.8,266.5,1W,13.9,20905761.514718715,109860736.3580058
G05,GPS,59.8,266.5,2W,13.9,20905759.54019168,85605854.45985551
G09,GPS,10.1,37.8,1C,30.6,24484143.706996754,128665000.92070009
G09,GPS,10.1,37.8,1W,17.4,24484143.354083553,128665000.92070009
G09,GPS,10.1,37.8,2L,35.1,24484137.326080337,100258458.04300456
G09,GPS,10.1,37.8,2W,17.4,24484138.83489596,100258456.99346289
G09,GPS,10.1,37.8,5Q,37.4,24484137.085406933,96081020.62472229
G12,GPS,19.8,229.5,1C,41.8,24014503.666736502,126197066.6375701
G12,GPS,19.8,229.5,1W,29.6,24014503.04522955,126197066.6375701
G12,GPS,19.8,229.5,2L,34.1,24014501.85191386,98335372.42883295
G12,GPS,19.8,229.5,2W,29.6,24014502.2478244,98335366.40825942
G13,GPS,23.4,171.5,1C,42.1,23187912.517350554,121853437.56970142
G13,GPS,23.4,171.5,1W,22.3,23187911.829393167,121853437.56970142
G13,GPS,23.4,171.5,2W,22.3,23187911.91762147,94950759.86549556
G19,GPS,11.4,146.4,1C,41.4,24186834.83937041,127102803.99425577
G19,GPS,11.4,146.4,1W,25.6,24186833.413757425,127102803.99425577
G19,GPS,11.4,146.4,2W,25.6,24186835.831659593,99040973.1581675
R05,GLO,70.7,162.4,1C,40.4,19454623.238407418,103996357.00491306
R05,GLO,70.7,162.4,2C,37.6,19454627.007096045,80886215.49786353
R05,GLO,70.7,162.4,2P,37.6,19454628.34336392,80885908.5323594
R06,GLO,21.4,197.9,1C,48.6,22557989.419481114,120373889.19720368
R06,GLO,21.4,197.9,2C,47.2,22557996.209709838,93624288.89527287
R06,GLO,21.4,197.9,2P,47.2,22557995.59825421,93624198.91749635
R18,GLO,5.2,117.0,1C,39.7,24158492.70666,128959679.73980266
R18,GLO,5.2,117.0,2C,37.1,24158501.72046527,100302004.12811449
R18,GLO,5.2,117.0,2P,36.2,24158500.827014122,100301992.11816521
C01,BDS,35.1,132.6,2I,43.7,38215430.2107976,198997844.54381922
C01,BDS,35.1,132.6,6I,39.5,38215428.46465901,161701995.02513194
C01,BDS,35.1,132.6,7I,39.9,38215426.55937444,153877749.06281707
C02,BDS,33.3,216.9,2I,37.9,37733019.46852036,196485788.70114434
C02,BDS,33.3,216.9,6I,40.2,37733013.65327019,159660800.5924812
C02,BDS,33.3,216.9,7I,41.8,37733011.35430871,151935268.50304133
C03,BDS,44.1,181.4,2I,45.2,36959307.32976696,192456860.04750007
C03,BDS,44.1,181.4,6I,38.6,36959302.453757316,156386960.58026722
C03,BDS,44.1,181.4,7I,40.0,36959301.02256026,148819843.93403402
C08,BDS,66.0,263.7,2I,28.8,36658693.90240149,190891517.54782745
C08,BDS,66.0,263.7,6I,25.6,36658687.95815932,155114987.57224163
C13,BDS,57.8,254.2,2I,33.2,37037856.534858115,192865931.19522873
C13,BDS,57.8,254.2,6I,31.6,37037855.46495037,156719388.85952294
C13,BDS,57.8,254.2,7I,28.1,37037854.6826222,149136202.56544802
C33,BDS,45.9,206.3,1P,47.8,23318017.181244098,122537036.8559271
C33,BDS,45.9,206.3,2I,49.1,23318018.636452656,121423074.04931101
C33,BDS,45.9,206.3,5P,47.1,23318043.449824672,91505050.25600418
C33,BDS,45.9,206.3,6I,48.2,23318030.150245924,98666253.6712637
C33,BDS,45.9,206.3,7D,46.0,23318042.152645286,93892130.32505576
C59,BDS,36.9,138.4,2I,45.9,37934902.14654694,197537043.4189784
C59,BDS,36.9,138.4,6I,39.2,37934886.40840496,160514985.98293433
C59,BDS,36.9,138.4,7D,45.6,37934888.8318912,152748139.8270353
C60,BDS,32.5,222.6,2I,40.3,38098187.365861185,198387308.6685817
C60,BDS,32.5,222.6,6I,40.5,38098169.700656764,161205890.69604403
C60,BDS,32.5,222.6,7D,39.8,38098171.71706432,153405619.80807313
E04,GAL,46.9,114.3,5Q,26.1,24721176.90194635,97011817.88807774
E04,GAL,46.9,114.3,6C,26.9,24721175.471307702,105447532.24622805
E04,GAL,46.9,114.3,7Q,30.6,24721176.874026004,99542526.71860589
E04,GAL,46.9,114.3,8Q,31.6,24721176.353590712,98277188.34133147
E06,GAL,38.8,149.6,1C,44.0,25335095.674172014,133137209.28284757
E06,GAL,38.8,149.6,5Q,44.3,25335098.069179498,99420864.00974219
E06,GAL,38.8,149.6,6C,42.8,25335094.083270565,108065973.26566349
E06,GAL,38.8,149.6,7Q,44.6,25335097.08973368,102014343.39459397
E06,GAL,38.8,149.6,8Q,47.5,25335096.803270902,100717600.2353364
E09,GAL,23.0,172.0,1C,41.8,26643513.27614618,140012750.6022147
E09,GAL,23.0,172.0,5Q,38.8,26643516.447897755,104555077.84262364
E09,GAL,23.0,172.0,6C,36.1,26643513.11588338,113646740.84321885
E09,GAL,23.0,172.0,7Q,42.6,26643515.67562092,107282585.13842826
E09,GAL,23.0,172.0,8Q,43.9,26643515.67785455,105918832.02228516
E16,GAL,12.1,197.7,5Q,26.7,27669961.609041873,108582726.38682084
E16,GAL,12.1,197.7,6C,29.6,27669957.107723307,118024707.51290618
E16,GAL,12.1,197.7,7Q,29.0,27669960.82168805,111415318.67403862
E16,GAL,12.1,197.7,8Q,30.8,27669960.564262435,109999026.55735995
E25,GAL,29.6,244.5,1C,32.2,26005944.901165586,136662169.38507146
E25,GAL,29.6,244.5,5Q,32.6,26005949.428170875,102052929.28778794
E25,GAL,29.6,244.5,6C,33.8,26005944.65602493,110927083.79809745
E25,GAL,29.6,244.5,7Q,32.4,26005947.349780142,104715173.19595648
E25,GAL,29.6,244.5,8Q,35.4,26005947.761326075,103384052.2791378
G05,GPS,59.8,266.5,1C,34.4,20905592.42964731,109859847.89285652
G05,GPS,59.8,266.5,1W,13.9,20905592.027594294,109859847.89285652
G05,GPS,59.8,266.5,2W,13.9,20905590.467963636,85605162.15906757
G09,GPS,10.1,37.8,1C,29.7,24484779.032849003,128668332.88931175
G09,GPS,10.1,37.8,1W,17.5,24484778.630795985,128668332.88931175
G09,GPS,10.1,37.8,2L,35.5,24484771.773558423,100261054.38789892
G09,GPS,10.1,37.8,2W,17.5,24484772.776457336,100261053.3166347
G09,GPS,10.1,37.8,5Q,37.3,24484771.104586873,96083508.78857939
G12,GPS,19.8,229.5,1C,41.8,24015111.09178461,126200259.50012156
G12,GPS,19.8,229.5,1W,29.6,24015110.470836062,126200259.50012156
G12,GPS,19.8,229.5,2L,33.9,24015109.776177794,98337860.37939471
G12,GPS,19.8,229.5,2W,29.6,24015109.833693713,98337854.35024649
G13,GPS,23.4,171.5,1C,42.1,23187262.155832294,121850019.14930484
G13,GPS,23.4,171.5,1W,22.4,23187261.46787491,121850019.14930484
G13,GPS,23.4,171.5,2W,22.4,23187261.480159864,94948096.16700691
G19,GPS,11.3,146.4,1C,41.3,24187632.280816693,127106993.71901391
G19,GPS,11.3,146.4,1W,25.8,24187630.85073645,127106993.71901391
G19,GPS,11.3,146.4,2W,25.8,24187633.12680325,99044237.85875066
R05,GLO,70.8,162.4,1C,40.8,19454408.94861676,103995211.76435982
R05,GLO,70.8,162.4,2C,37.1,19454412.4699311,80885324.75056766
R05,GLO,70.8,162.4,2P,37.4,19454414.067533433,80885017.7740356
R06,GLO,21.4,197.9,1C,48.7,22557259.631830994,120369995.85803165
R06,GLO,21.4,197.9,2C,47.3,22557266.43378627,93621260.7570685
R06,GLO,21.4,197.9,2P,47.1,22557265.918935046,93621170.773498
R18,GLO,5.2,117.0,1C,39.5,24159127.283130094,128963064.2480364
R18,GLO,5.2,117.0,2C,35.5,24159134.512825105,100304636.51181532
R18,GLO,5.2,117.0,2P,34.5,24159133.534496095,100304624.50070685
C01,BDS,35.1,132.6,2I,43.4,38215486.038651004,198998135.34133536
C01,BDS,35.1,132.6,6I,39.3,38215484.239463754,161702231.30716655
C01,BDS,35.1,132.6,7I,39.8,38215482.49946764,153877973.9247787
C02,BDS,33.3,216.9,2I,37.6,37733061.761147276,196486008.15430298
C02,BDS,33.3,216.9,6I,39.9,37733055.78898475,159660978.94391167
C02,BDS,33.3,216.9,7I,41.9,37733053.49504893,151935438.2150079
C03,BDS,44.1,181.4,2I,44.9,36959359.196281336,192457129.95340407
C03,BDS,44.1,181.4,6I,38.6,36959354.27504073,156387179.89974177
C03,BDS,44.1,181.4,7I,39.9,36959352.81704014,148820052.6468971
C08,BDS,66.0,263.8,2I,28.1,36658753.46432229,190891829.3707132
C08,BDS,66.0,263.8,6I,24.8,36658747.73618362,155115240.97927895
C13,BDS,57.8,254.2,2I,33.1,37037898.25120904,192866147.16487697
C13,BDS,57.8,254.2,6I,31.6,37037896.90265621,156719564.3714554
C13,BDS,57.8,254.2,7I,28.4,37037896.66645007,149136369.605666
C33,BDS,45.9,206.3,1P,47.8,23317609.870825775,122534897.08401577
C33,BDS,45.9,206.3,2I,48.8,23317611.342786543,121420953.72478297
C33,BDS,45.9,206.3,5P,47.0,23317636.270631984,91503452.3705473
C33,BDS,45.9,206.3,6I,48.1,23317622.980546154,98664530.73567358
C33,BDS,45.9,206.3,7D,46.0,23317634.960050832,93890490.76293795
C59,BDS,36.9,138.4,2I,45.6,37934948.84332961,197537286.71513736
C59,BDS,36.9,138.4,6I,39.3,37934933.123615064,160515183.668588
C59,BDS,36.9,138.4,7D,45.5,37934935.533699535,152748327.95681015
C60,BDS,32.5,222.6,2I,39.9,38098235.90985411,198387561.56911033
C60,BDS,32.5,222.6,6I,40.4,38098218.22678066,161206096.18957898
C60,BDS,32.5,222.6,7D,39.8,38098220.34146785,153405815.3662422
E04,GAL,47.0,114.3,5Q,25.8,24720978.036472958,97011037.7339056
E04,GAL,47.0,114.3,6C,26.2,24720976.764421884,105446684.2859087
E04,GAL,47.0,114.3,7Q,31.1,24720978.06495171,99541726.27666728
E04,GAL,47.0,114.3,8Q,31.8,24720977.57187836,98276398.04231381
E06,GAL,38.8,149.6,1C,44.0,25334692.8365935,133135092.99752778
E06,GAL,38.8,149.6,5Q,44.3,25334695.285766464,99419283.67612165
E06,GAL,38.8,149.6,6C,42.8,25334691.319960177,108064255.5004143
E06,GAL,38.8,149.6,7Q,44.7,25334694.390640095,102012721.83881381
E06,GAL,38.8,149.6,8Q,47.5,25334694.084633075,100715999.29255344
E09,GAL,23.0,172.0,1C,41.7,26642998.263542373,140010043.93154898
E09,GAL,23.0,172.0,5Q,38.9,26643001.40793201,104553056.624777
E09,GAL,23.0,172.0,6C,35.9,26642997.82072565,113644543.87087141
E09,GAL,23.0,172.0,7Q,42.6,26643000.563620675,107280511.19709437
E09,GAL,23.0,172.0,8Q,44.1,26643000.59600828,105916784.44405733
E16,GAL,12.1,197.7,5Q,27.3,27670565.77075966,108585097.81253181
E16,GAL,12.1,197.7,6C,29.8,27670561.634639252,118027285.13823472
E16,GAL,12.1,197.7,7Q,29.2,27670564.97167929,111417751.9619048
E16,GAL,12.1,197.7,8Q,31.2,27670564.810299676,110001428.92137033
E25,GAL,29.6,244.5,1C,32.2,26006390.15980462,136664508.93643215
E25,GAL,29.6,244.5,5Q,33.0,26006394.69351079,102054676.33071025
E25,GAL,29.6,244.5,6C,33.7,26006390.118482504,110928982.77030036
E25,GAL,29.6,244.5,7Q,32.0,26006392.746345695,104716965.84482805
E25,GAL,29.6,244.5,8Q,35.5,26006392.96970848,103385822.12400578
G05,GPS,59.8,266.5,1C,34.8,20905422.90622644,109858959.78424275
G05,GPS,59.8,266.5,1W,14.1,20905422.500264574,109858959.78424275
G05,GPS,59.8,266.5,2W,14.1,20905421.481171858,85604470.13209797
G09,GPS,10.0,37.8,1C,28.8,24485413.086650174,128671665.13009346
G09,GPS,10.0,37.8,1W,17.2,24485412.635457344,128671665.13009346
G09,GPS,10.0,37.8,2L,35.8,24485406.635932885,100263650.92257969
G09,GPS,10.0,37.8,2W,17.2,24485406.749847904,100263649.87589623
G09,GPS,10.0,37.8,5Q,37.2,24485405.22595529,96085997.14746296
G12,GPS,19.8,229.5,1C,41.9,24015718.669277817,126203452.47198124
G12,GPS,19.8,229.5,1W,29.8,24015718.04330361,126203452.47198124
G12,GPS,19.8,229.5,2L,34.4,24015717.61947272,98340348.40141219
G12,GPS,19.8,229.5,2W,29.8,24015717.44245771,98340342.38083865
G13,GPS,23.4,171.5,1C,42.3,23186611.680957425,121846600.78026113
G13,GPS,23.4,171.5,1W,22.4,23186610.993000038,121846600.78026113
G13,GPS,23.4,171.5,2W,22.4,23186610.952794738,94945432.5068185
G19,GPS,11.3,146.4,1C,41.3,24188429.773078013,127111183.4965922
G19,GPS,11.3,146.4,1W,25.8,24188428.34299777,127111183.4965922
G19,GPS,11.3,146.4,2W,25.8,24188430.40351948,99047502.59420425
R05,GLO,70.8,162.4,1C,41.0,19454194.936912775,103994067.30438544
R05,GLO,70.8,162.4,2C,36.9,19454198.404620044,80884434.62547956
R05,GLO,70.8,162.4,2P,38.0,19454199.6755543,80884127.63037413
R06,GLO,21.4,197.9,1C,48.8,22556529.815143716,120366102.73116803
R06,GLO,21.4,197.9,2C,47.2,22556536.814216647,93618232.77993709
R06,GLO,21.4,197.9,2P,47.2,22556536.346830014,93618142.79346958
R18,GLO,5.2,117.0,1C,39.5,24159761.94615327,128966448.91723406
R18,GLO,5.2,117.0,2C,33.9,24159766.95673899,100307269.07809104
R18,GLO,5.2,117.0,2P,34.2,24159765.63443129,100307257.03974123
C01,BDS,35.1,132.6,2I,43.2,38215541.81792301,198998426.01672506
C01,BDS,35.1,132.6,6I,39.4,38215540.09858795,161702467.5106379
C01,BDS,35.1,132.6,7I,39.8,38215538.27818124,153878198.70073622
C02,BDS,33.3,216.9,2I,37.6,37733103.780713186,196486227.5318596
C02,BDS,33.3,216.9,6I,40.1,37733097.92079046,159661157.1972859
C02,BDS,33.3,216.9,7I,41.9,37733095.67096879,151935607.85558546
C03,BDS,44.1,181.4,2I,44.8,36959411.00863024,192457399.74808577
C03,BDS,44.1,181.4,6I,38.4,36959406.07901353,156387399.13474607
C03,BDS,44.1,181.4,7I,39.9,36959404.5540041,148820261.26757276
C08,BDS,66.0,263.8,2I,28.3,36658813.96715883,190892141.16815594
C08,BDS,66.0,263.8,6I,24.9,36658807.686755665,155115494.3349253
C13,BDS,57.8,254.2,2I,32.6,37037939.85532017,192866363.10835528
C13,BDS,57.8,254.2,6I,31.6,37037938.51458504,156719739.8449923
C13,BDS,57.8,254.2,7I,28.2,37037938.7602841,149136536.60203877
C33,BDS,45.9,206.3,1P,47.9,23317202.602287974,122532757.57473758
C33,BDS,45.9,206.3,2I,48.7,23317204.192631017,121418833.66776995
C33,BDS,45.9,206.3,5P,47.1,23317229.128852565,91501854.68942995
C33,BDS,45.9,206.3,6I,48.1,23317215.847701248,98662808.01627992
C33,BDS,45.9,206.3,7D,45.9,23317227.817713007,93888851.39924794
C59,BDS,36.9,138.4,2I,45.4,37934995.500465386,197537529.88844302
C59,BDS,36.9,138.4,6I,39.2,37934979.80755437,160515381.27804133
C59,BDS,36.9,138.4,7D,45.5,37934982.24388397,152748515.9921491
C60,BDS,32.5,222.6,2I,39.9,38098284.48958507,198387814.36277834
C60,BDS,32.5,222.6,6I,40.5,38098266.743970044,161206301.61459267
C60,BDS,32.5,222.6,7D,39.9,38098268.82738644,153406010.84964955
E04,GAL,47.0,114.3,5Q,26.2,24720779.66239769,97010257.94677767
E04,GAL,47.0,114.3,6C,26.9,24720778.08098916,105445836.60545757
E04,GAL,47.0,114.3,7Q,30.8,24720779.444060568,99540926.08374709
E04,GAL,47.0,114.3,8Q,31.8,24720778.844331484,98275608.04575635
E06,GAL,38.8,149.6,1C,43.9,25334290.039220292,133132976.8640657
E06,GAL,38.8,149.6,5Q,44.4,25334292.57159589,99417703.44877957
E06,GAL,38.8,149.6,6C,42.6,25334288.685641803,108062537.85783075
E06,GAL,38.8,149.6,7Q,44.6,25334291.704948276,102011100.38028012
E06,GAL,38.8,149.6,8Q,47.5,25334291.383305863,100714398.44966559
E09,GAL,23.0,172.0,1C,41.8,26642483.291702278,140007337.19559187
E09,GAL,23.0,172.0,5Q,38.9,26642486.275270704,104551035.37625207
E09,GAL,23.0,172.0,6C,35.9,26642482.859495286,113642346.85684144
E09,GAL,23.0,172.0,7Q,42.8,26642485.55269209,107278437.22540611
E09,GAL,23.0,172.0,8Q,44.1,26642485.51918767,105914736.83419606
E16,GAL,12.1,197.7,5Q,27.5,27671170.240159687,108587469.09252076
E16,GAL,12.1,197.7,6C,29.4,27671165.91194728,118029862.6194609
E16,GAL,12.1,197.7,7Q,29.1,27671169.319905,111420185.1159868
E16,GAL,12.1,197.7,8Q,31.3,27671169.096542217,110003831.12332864
E25,GAL,29.6,244.5,1C,31.4,26006835.83278162,136666848.62937993
E25,GAL,29.6,244.5,5Q,32.8,26006839.842143647,102056423.4974415
E25,GAL,29.6,244.5,6C,34.1,26006835.484335672,110930881.8854147
E25,GAL,29.6,244.5,7Q,32.3,26006837.791114856,104718758.5847628
E25,GAL,29.6,244.5,8Q,35.6,26006838.173065223,103387592.07931335
G05,GPS,59.8,266.5,1C,34.7,20905254.392405365,109858071.980078
G05,GPS,59.8,266.5,1W,13.6,20905253.972483326,109858071.980078
G05,GPS,59.8,266.5,2W,13.6,20905252.525092464,85603778.34579125
G09,GPS,10.0,37.8,1C,28.6,24486047.47158668,128674997.6973326
G09,GPS,10.0,37.8,1W,16.9,24486046.971812442,128674997.6973326
G09,GPS,10.0,37.8,2L,36.1,24486040.79806501,100266247.6687694
G09,GPS,10.0,37.8,2W,16.9,24486040.96000303,100266246.66667432
G09,GPS,10.0,37.8,5Q,36.9,24486039.373010427,96088485.68712954
G12,GPS,19.8,229.5,1C,41.9,24016326.361244455,126206645.4915257
G12,GPS,19.8,229.5,1W,29.7,24016325.740295906,126206645.4915257
G12,GPS,19.8,229.5,2L,34.2,24016325.27179246,98342836.49031223
G12,GPS,19.8,229.5,2W,29.7,24016325.064623475,98342830.44287135
G13,GPS,23.4,171.5,1C,42.4,23185961.13851531,121843182.42955771
G13,GPS,23.4,171.5,1W,22.4,23185960.454466775,121843182.42955771
G13,GPS,23.4,171.5,2W,22.4,23185960.46619332,94942768.8592063
G19,GPS,11.3,146.4,1C,41.2,24189227.088882733,127115373.30571572
G19,GPS,11.3,146.4,1W,25.8,24189225.658802487,127115373.30571572
G19,GPS,11.3,146.4,2W,25.8,24189227.73384278,99050767.35366695
R05,GLO,70.8,162.3,1C,41.3,19453980.957037985,103992923.5749911
R05,GLO,70.8,162.3,2C,37.1,19453984.546477973,80883545.04540367
R05,GLO,70.8,162.3,2P,37.5,19453985.66831757,80883238.07931912
R06,GLO,21.4,197.9,1C,48.9,22555800.059881203,120362209.78458026
R06,GLO,21.4,197.9,2C,47.1,22555807.342066467,93615204.95287001
R06,GLO,21.4,197.9,2P,47.2,22555806.77975065,93615114.96466433
R18,GLO,5.2,117.0,1C,39.4,24160396.05523673,128969833.64157686
R18,GLO,5.2,117.0,2C,33.3,24160400.51746681,100309901.6519016
R18,GLO,5.2,117.0,2P,33.2,24160398.33297875,100309889.63093987
